time_s,amplitude
0.0,-0.26
0.0027785495971103086,-0.26
0.005557099194220617,-0.26
0.008335648791330925,-0.26
0.011114198388441235,-0.26
0.013892747985551544,-0.26
0.01667129758266185,-0.26
0.01944984717977216,-0.26
0.02222839677688247,-0.145
0.025006946373992776,-0.175
0.027785495971103087,-0.275
0.030564045568213394,-0.38
0.0333425951653237,-0.405
0.03612114476243401,-0.385
0.03889969435954432,-0.31
0.04167824395665463,-0.24
0.04445679355376494,-0.255
0.04723534315087525,-0.325
0.05001389274798555,-0.375
0.052792442345095864,-0.345
0.055570991942206174,-0.23
0.05834954153931648,-0.12
0.06112809113642679,-0.06
0.06390664073353709,-0.12
0.0666851903306474,-0.22
0.06946373992775771,-0.35
0.07224228952486803,-0.365
0.07502083912197834,-0.335
0.07779938871908865,-0.26
0.08057793831619894,-0.175
0.08335648791330925,-0.105
0.08613503751041957,-0.14
0.08891358710752988,-0.2
0.09169213670464019,-0.235
0.0944706863017505,-0.295
0.09724923589886081,-0.395
0.1000277854959711,-0.49
0.10280633509308142,-0.475
0.10558488469019173,-0.395
0.10836343428730204,-0.315
0.11114198388441235,-0.26
0.11392053348152266,-0.21
0.11669908307863296,-0.2
0.11947763267574327,-0.16
0.12225618227285358,-0.095
0.1250347318699639,-0.04
0.12781328146707419,-0.02
0.1305918310641845,-0.035
0.1333703806612948,-0.09
0.13614893025840513,-0.17
0.13892747985551543,-0.24
0.14170602945262575,-0.28
0.14448457904973605,-0.3
0.14726312864684635,-0.285
0.15004167824395667,-0.275
0.15282022784106697,-0.245
0.1555987774381773,-0.185
0.1583773270352876,-0.1
0.1611558766323979,-0.055
0.1639344262295082,-0.13
0.1667129758266185,-0.295
0.16949152542372883,-0.4
0.17227007502083913,-0.345
0.17504862461794946,-0.27
0.17782717421505975,-0.255
0.18060572381217005,-0.255
0.18338427340928037,-0.215
0.18616282300639067,-0.175
0.188941372603501,-0.155
0.1917199222006113,-0.175
0.19449847179772162,-0.235
0.19727702139483191,-0.315
0.2000555709919422,-0.335
0.20283412058905254,-0.31
0.20561267018616283,-0.26
0.20839121978327316,-0.26
0.21116976938038345,-0.305
0.21394831897749375,-0.34
0.21672686857460408,-0.28
0.21950541817171437,-0.205
0.2222839677688247,-0.16
0.225062517365935,-0.215
0.22784106696304532,-0.34
0.23061961656015562,-0.34
0.2333981661572659,-0.165
0.23617671575437624,0.04
0.23895526535148653,0.18
0.24173381494859686,0.23
0.24451236454570716,0.26
0.24729091414281748,0.255
0.2500694637399278,0.275
0.2528480133370381,0.43
0.25562656293414837,0.7
0.2584051125312587,1.0
0.261183662128369,1.285
0.26396221172547935,1.465
0.2667407613225896,1.53
0.26951931091969994,1.48
0.27229786051681026,1.385
0.27507641011392053,1.345
0.27785495971103086,1.355
0.2806335093081412,1.37
0.2834120589052515,1.325
0.2861906085023618,1.26
0.2889691580994721,1.17
0.2917477076965824,1.025
0.2945262572936927,0.83
0.297304806890803,0.655
0.30008335648791334,0.52
0.3028619060850236,0.42
0.30564045568213394,0.36
0.30841900527924426,0.24
0.3111975548763546,0.0
0.31397610447346486,-0.255
0.3167546540705752,-0.395
0.3195332036676855,-0.4
0.3223117532647958,-0.29
0.3250903028619061,-0.185
0.3278688524590164,-0.165
0.33064740205612675,-0.285
0.333425951653237,-0.43
0.33620450125034734,-0.495
0.33898305084745767,-0.485
0.34176160044456794,-0.415
0.34454015004167826,-0.365
0.3473186996387886,-0.34
0.3500972492358989,-0.37
0.3528757988330092,-0.47
0.3556543484301195,-0.535
0.35843289802722983,-0.565
0.3612114476243401,-0.535
0.3639899972214504,-0.5
0.36676854681856075,-0.44
0.3695470964156711,-0.41
0.37232564601278134,-0.41
0.37510419560989167,-0.505
0.377882745207002,-0.655
0.38066129480411226,-0.77
0.3834398444012226,-0.775
0.3862183939983329,-0.62
0.38899694359544323,-0.45
0.3917754931925535,-0.405
0.39455404278966383,-0.465
0.39733259238677415,-0.535
0.4001111419838844,-0.575
0.40288969158099475,-0.55
0.40566824117810507,-0.52
0.4084467907752154,-0.51
0.41122534037232567,-0.49
0.414003889969436,-0.455
0.4167824395665463,-0.51
0.4195609891636566,-0.64
0.4223395387607669,-0.69
0.42511808835787723,-0.615
0.4278966379549875,-0.495
0.4306751875520978,-0.44
0.43345373714920815,-0.405
0.4362322867463185,-0.36
0.43901083634342875,-0.34
0.44178938594053907,-0.425
0.4445679355376494,-0.57
0.44734648513475966,-0.615
0.45012503473187,-0.525
0.4529035843289803,-0.425
0.45568213392609064,-0.42
0.4584606835232009,-0.43
0.46123923312031123,-0.4
0.46401778271742156,-0.355
0.4667963323145318,-0.365
0.46957488191164215,-0.395
0.4723534315087525,-0.4
0.4751319811058628,-0.355
0.47791053070297307,-0.33
0.4806890803000834,-0.34
0.4834676298971937,-0.33
0.486246179494304,-0.315
0.4890247290914143,-0.275
0.49180327868852464,-0.215
0.49458182828563496,-0.135
0.49736037788274523,-0.075
0.5001389274798556,-0.08
0.5029174770769659,-0.055
0.5056960266740762,-0.03
0.5084745762711865,-0.02
0.5112531258682967,-0.035
0.5140316754654071,-0.045
0.5168102250625174,-0.05
0.5195887746596277,-0.07
0.522367324256738,-0.065
0.5251458738538484,-0.14
0.5279244234509587,-0.21
0.5307029730480689,-0.25
0.5334815226451792,-0.205
0.5362600722422896,-0.01
0.5390386218393999,0.125
0.5418171714365102,0.08
0.5445957210336205,-0.05
0.5473742706307309,-0.17
0.5501528202278411,-0.225
0.5529313698249514,-0.28
0.5557099194220617,-0.34
0.558488469019172,-0.32
0.5612670186162824,-0.255
0.5640455682133927,-0.15
0.566824117810503,-0.045
0.5696026674076132,-0.01
0.5723812170047236,-0.01
0.5751597666018339,0.035
0.5779383161989442,0.015
0.5807168657960545,-0.155
0.5834954153931649,-0.455
0.5862739649902752,-0.655
0.5890525145873854,-0.64
0.5918310641844957,-0.465
0.594609613781606,-0.29
0.5973881633787164,-0.245
0.6001667129758267,-0.26
0.602945262572937,-0.275
0.6057238121700472,-0.275
0.6085023617671576,-0.28
0.6112809113642679,-0.32
0.6140594609613782,-0.405
0.6168380105584885,-0.44
0.6196165601555989,-0.38
0.6223951097527092,-0.225
0.6251736593498194,-0.135
0.6279522089469297,-0.175
0.63073075854404,-0.25
0.6335093081411504,-0.32
0.6362878577382607,-0.33
0.639066407335371,-0.26
0.6418449569324813,-0.155
0.6446235065295916,-0.12
0.6474020561267019,-0.18
0.6501806057238122,-0.31
0.6529591553209225,-0.37
0.6557377049180328,-0.33
0.6585162545151432,-0.3
0.6612948041122535,-0.4
0.6640733537093637,-0.5
0.666851903306474,-0.54
0.6696304529035844,-0.51
0.6724090025006947,-0.39
0.675187552097805,-0.22
0.6779661016949153,-0.125
0.6807446512920257,-0.165
0.6835232008891359,-0.3
0.6863017504862462,-0.375
0.6890803000833565,-0.37
0.6918588496804668,-0.38
0.6946373992775772,-0.4
0.6974159488746875,-0.385
0.7001944984717978,-0.34
0.702973048068908,-0.32
0.7057515976660184,-0.305
0.7085301472631287,-0.25
0.711308696860239,-0.175
0.7140872464573493,-0.145
0.7168657960544597,-0.17
0.71964434565157,-0.25
0.7224228952486802,-0.32
0.7252014448457905,-0.345
0.7279799944429008,-0.32
0.7307585440400112,-0.2
0.7335370936371215,-0.07
0.7363156432342318,-0.07
0.7390941928313421,-0.205
0.7418727424284524,-0.32
0.7446512920255627,-0.32
0.747429841622673,-0.235
0.7502083912197833,-0.155
0.7529869408168937,-0.155
0.755765490414004,-0.23
0.7585440400111143,-0.26
0.7613225896082245,-0.215
0.7641011392053348,-0.17
0.7668796888024452,-0.13
0.7696582383995555,-0.1
0.7724367879966658,-0.11
0.7752153375937761,-0.17
0.7779938871908865,-0.23
0.7807724367879967,-0.27
0.783550986385107,-0.265
0.7863295359822173,-0.23
0.7891080855793277,-0.185
0.791886635176438,-0.16
0.7946651847735483,-0.17
0.7974437343706586,-0.19
0.8002222839677688,-0.185
0.8030008335648792,-0.16
0.8057793831619895,-0.175
0.8085579327590998,-0.215
0.8113364823562101,-0.255
0.8141150319533205,-0.295
0.8168935815504308,-0.3
0.819672131147541,-0.215
0.8224506807446513,-0.14
0.8252292303417617,-0.11
0.828007779938872,-0.15
0.8307863295359823,-0.21
0.8335648791330926,-0.245
0.8363434287302028,-0.18
0.8391219783273132,-0.085
0.8419005279244235,-0.045
0.8446790775215338,-0.125
0.8474576271186441,-0.28
0.8502361767157545,-0.435
0.8530147263128648,-0.475
0.855793275909975,-0.4
0.8585718255070853,-0.265
0.8613503751041957,-0.175
0.864128924701306,-0.18
0.8669074742984163,-0.23
0.8696860238955266,-0.215
0.872464573492637,-0.14
0.8752431230897472,-0.11
0.8780216726868575,-0.165
0.8808002222839678,-0.245
0.8835787718810781,-0.29
0.8863573214781885,-0.29
0.8891358710752988,-0.28
0.8919144206724091,-0.275
0.8946929702695193,-0.225
0.8974715198666297,-0.2
0.90025006946374,-0.21
0.9030286190608503,-0.265
0.9058071686579606,-0.28
0.908585718255071,-0.235
0.9113642678521813,-0.195
0.9141428174492915,-0.185
0.9169213670464018,-0.2
0.9196999166435121,-0.185
0.9224784662406225,-0.125
0.9252570158377328,-0.05
0.9280355654348431,0.02
0.9308141150319534,0.0
0.9335926646290637,-0.09
0.936371214226174,-0.17
0.9391497638232843,-0.205
0.9419283134203946,-0.18
0.944706863017505,-0.09
0.9474854126146153,-0.025
0.9502639622117256,-0.06
0.9530425118088358,-0.175
0.9558210614059461,-0.215
0.9585996110030565,-0.175
0.9613781606001668,-0.155
0.9641567101972771,-0.145
0.9669352597943874,-0.08
0.9697138093914978,0.015
0.972492358988608,0.01
0.9752709085857183,-0.1
0.9780494581828286,-0.18
0.980828007779939,-0.18
0.9836065573770493,-0.11
0.9863851069741596,-0.125
0.9891636565712699,-0.205
0.9919422061683801,-0.235
0.9947207557654905,-0.19
0.9974993053626008,-0.125
1.000277854959711,-0.12
1.0030564045568213,-0.13
1.0058349541539318,-0.105
1.008613503751042,-0.035
1.0113920533481524,-0.03
1.0141706029452626,-0.16
1.016949152542373,-0.325
1.0197277021394833,-0.33
1.0225062517365935,-0.24
1.025284801333704,-0.185
1.0280633509308141,-0.205
1.0308419005279246,-0.19
1.0336204501250348,-0.155
1.0363989997221452,-0.15
1.0391775493192554,-0.155
1.0419560989163656,-0.19
1.044734648513476,-0.18
1.0475131981105863,-0.125
1.0502917477076967,-0.095
1.053070297304807,-0.105
1.0558488469019174,-0.055
1.0586273964990276,-0.02
1.0614059460961378,-0.065
1.0641844956932482,-0.145
1.0669630452903585,-0.205
1.069741594887469,-0.185
1.072520144484579,-0.135
1.0752986940816895,-0.125
1.0780772436787998,-0.155
1.08085579327591,-0.185
1.0836343428730204,-0.14
1.0864128924701306,-0.08
1.089191442067241,-0.02
1.0919699916643513,-0.01
1.0947485412614617,-0.03
1.097527090858572,-0.035
1.1003056404556821,-0.015
1.1030841900527926,-0.005
1.1058627396499028,-0.02
1.1086412892470132,-0.105
1.1114198388441234,-0.2
1.1141983884412339,-0.235
1.116976938038344,-0.185
1.1197554876354543,-0.155
1.1225340372325647,-0.145
1.125312586829675,-0.075
1.1280911364267854,-0.03
1.1308696860238956,-0.055
1.133648235621006,-0.085
1.1364267852181162,-0.09
1.1392053348152265,-0.05
1.141983884412337,0.03
1.144762434009447,0.135
1.1475409836065575,0.19
1.1503195332036678,0.185
1.1530980828007782,0.17
1.1558766323978884,0.17
1.1586551819949986,0.16
1.161433731592109,0.125
1.1642122811892193,0.115
1.1669908307863297,0.245
1.16976938038344,0.47
1.1725479299805504,0.69
1.1753264795776606,0.86
1.1781050291747708,1.04
1.1808835787718812,1.265
1.1836621283689914,1.485
1.1864406779661019,1.67
1.189219227563212,1.76
1.1919977771603223,1.815
1.1947763267574327,1.8
1.197554876354543,1.715
1.2003334259516534,1.63
1.2031119755487636,1.635
1.205890525145874,1.625
1.2086690747429842,1.535
1.2114476243400945,1.375
1.214226173937205,1.21
1.217004723534315,1.065
1.2197832731314255,0.9
1.2225618227285358,0.68
1.2253403723256462,0.33
1.2281189219227564,0.035
1.2308974715198666,-0.08
1.233676021116977,-0.08
1.2364545707140873,-0.085
1.2392331203111977,-0.075
1.242011669908308,-0.07
1.2447902195054183,-0.12
1.2475687691025286,-0.27
1.2503473186996388,-0.445
1.2531258682967492,-0.55
1.2559044178938594,-0.565
1.2586829674909699,-0.47
1.26146151708808,-0.3
1.2642400666851905,-0.22
1.2670186162823007,-0.305
1.269797165879411,-0.5
1.2725757154765214,-0.645
1.2753542650736316,-0.66
1.278132814670742,-0.585
1.2809113642678522,-0.5
1.2836899138649627,-0.445
1.2864684634620729,-0.455
1.289247013059183,-0.465
1.2920255626562935,-0.465
1.2948041122534037,-0.5
1.2975826618505142,-0.47
1.3003612114476244,-0.43
1.3031397610447348,-0.4
1.305918310641845,-0.435
1.3086968602389553,-0.475
1.3114754098360657,-0.46
1.314253959433176,-0.445
1.3170325090302863,-0.475
1.3198110586273966,-0.55
1.322589608224507,-0.64
1.3253681578216172,-0.655
1.3281467074187274,-0.61
1.3309252570158379,-0.545
1.333703806612948,-0.475
1.3364823562100585,-0.425
1.3392609058071687,-0.395
1.3420394554042792,-0.41
1.3448180050013894,-0.415
1.3475965545984996,-0.46
1.35037510419561,-0.475
1.3531536537927202,-0.465
1.3559322033898307,-0.435
1.3587107529869409,-0.405
1.3614893025840513,-0.38
1.3642678521811615,-0.375
1.3670464017782717,-0.38
1.3698249513753822,-0.395
1.3726035009724924,-0.42
1.3753820505696028,-0.455
1.378160600166713,-0.49
1.3809391497638235,-0.51
1.3837176993609337,-0.475
1.386496248958044,-0.415
1.3892747985551543,-0.355
1.3920533481522646,-0.34
1.394831897749375,-0.345
1.3976104473464852,-0.35
1.4003889969435956,-0.3
1.4031675465407059,-0.2
1.405946096137816,-0.105
1.4087246457349265,-0.045
1.4115031953320367,-0.065
1.4142817449291472,-0.165
1.4170602945262574,-0.25
1.4198388441233678,-0.285
1.422617393720478,-0.215
1.4253959433175882,-0.07
1.4281744929146987,0.06
1.4309530425118089,0.095
1.4337315921089193,-0.035
1.4365101417060295,-0.15
1.43928869130314,-0.09
1.4420672409002502,0.06
1.4448457904973604,0.135
1.4476243400944708,0.06
1.450402889691581,-0.11
1.4531814392886915,-0.215
1.4559599888858017,-0.165
1.4587385384829121,-0.08
1.4615170880800223,-0.04
1.4642956376771326,-0.055
1.467074187274243,-0.03
1.4698527368713532,-0.025
1.4726312864684636,-0.04
1.4754098360655739,-0.035
1.4781883856626843,-0.08
1.4809669352597945,-0.1
1.4837454848569047,-0.05
1.4865240344540152,0.055
1.4893025840511254,0.075
1.4920811336482358,0.0
1.494859683245346,-0.135
1.4976382328424565,-0.2
1.5004167824395667,-0.15
1.5031953320366769,-0.07
1.5059738816337873,-0.02
1.5087524312308975,0.01
1.511530980828008,0.015
1.5143095304251182,0.04
1.5170880800222286,-0.015
1.5198666296193388,-0.095
1.522645179216449,-0.185
1.5254237288135595,-0.19
1.5282022784106697,-0.155
1.5309808280077801,-0.1
1.5337593776048903,-0.06
1.5365379272020008,-0.025
1.539316476799111,-0.005
1.5420950263962212,0.015
1.5448735759933316,0.03
1.5476521255904419,0.025
1.5504306751875523,0.02
1.5532092247846625,-0.015
1.555987774381773,-0.045
1.5587663239788832,-0.08
1.5615448735759934,-0.085
1.5643234231731038,-0.09
1.567101972770214,-0.085
1.5698805223673244,-0.08
1.5726590719644347,-0.105
1.575437621561545,-0.1
1.5782161711586553,-0.09
1.5809947207557655,-0.025
1.583773270352876,-0.01
1.5865518199499862,-0.04
1.5893303695470966,-0.09
1.5921089191442068,-0.105
1.5948874687413173,-0.055
1.5976660183384275,-0.01
1.6004445679355377,-0.025
1.6032231175326481,-0.09
1.6060016671297583,-0.14
1.6087802167268688,-0.19
1.611558766323979,-0.225
1.6143373159210894,-0.21
1.6171158655181996,-0.11
1.6198944151153098,-0.05
1.6226729647124203,-0.055
1.6254515143095305,-0.07
1.628230063906641,-0.045
1.6310086135037511,-0.075
1.6337871631008616,-0.12
1.6365657126979718,-0.125
1.639344262295082,-0.025
1.6421228118921924,0.1
1.6449013614893027,0.175
1.647679911086413,0.085
1.6504584606835233,-0.095
1.6532370102806337,-0.2
1.656015559877744,-0.22
1.6587941094748542,-0.16
1.6615726590719646,-0.095
1.6643512086690748,-0.055
1.6671297582661853,-0.07
1.6699083078632955,-0.075
1.6726868574604057,-0.075
1.6754654070575161,-0.125
1.6782439566546263,-0.2
1.6810225062517368,-0.26
1.683801055848847,-0.18
1.6865796054459574,-0.065
1.6893581550430676,0.015
1.6921367046401778,0.02
1.6949152542372883,-0.05
1.6976938038343985,-0.155
1.700472353431509,-0.215
1.7032509030286191,-0.175
1.7060294526257296,-0.055
1.7088080022228398,0.07
1.71158655181995,0.11
1.7143651014170604,0.01
1.7171436510141707,-0.11
1.719922200611281,-0.19
1.7227007502083913,-0.2
1.7254792998055017,-0.17
1.728257849402612,-0.095
1.7310363989997222,-0.055
1.7338149485968326,-0.05
1.7365934981939428,-0.05
1.7393720477910533,-0.06
1.7421505973881635,-0.085
1.744929146985274,-0.125
1.7477076965823841,-0.13
1.7504862461794943,-0.105
1.7532647957766048,-0.05
1.756043345373715,0.005
1.7588218949708254,-0.01
1.7616004445679356,-0.07
1.764378994165046,-0.12
1.7671575437621563,-0.125
1.7699360933592665,-0.035
1.772714642956377,0.065
1.7754931925534871,0.095
1.7782717421505976,0.08
1.7810502917477078,0.015
1.7838288413448182,-0.06
1.7866073909419284,-0.08
1.7893859405390387,0.03
1.792164490136149,0.2
1.7949430397332593,0.31
1.7977215893303697,0.335
1.80050013892748,0.335
1.8032786885245904,0.4
1.8060572381217006,0.48
1.8088357877188108,0.59
1.8116143373159213,0.745
1.8143928869130315,0.975
1.817171436510142,1.215
1.8199499861072521,1.4
1.8227285357043626,1.48
1.8255070853014728,1.46
1.828285634898583,1.42
1.8310641844956934,1.425
1.8338427340928036,1.455
1.836621283689914,1.51
1.8393998332870243,1.545
1.8421783828841347,1.54
1.844956932481245,1.34
1.8477354820783551,1.07
1.8505140316754656,0.85
1.8532925812725758,0.735
1.8560711308696862,0.64
1.8588496804667964,0.405
1.8616282300639069,0.095
1.864406779661017,-0.145
1.8671853292581273,-0.195
1.8699638788552377,-0.17
1.872742428452348,-0.165
1.8755209780494584,-0.235
1.8782995276465686,-0.335
1.881078077243679,-0.39
1.8838566268407893,-0.365
1.8866351764378995,-0.355
1.88941372603501,-0.37
1.8921922756321201,-0.42
1.8949708252292305,-0.455
1.8977493748263408,-0.46
1.9005279244234512,-0.425
1.9033064740205614,-0.405
1.9060850236176716,-0.38
1.908863573214782,-0.365
1.9116421228118923,-0.365
1.9144206724090027,-0.365
1.917199222006113,-0.375
1.9199777716032234,-0.41
1.9227563212003336,-0.445
1.9255348707974438,-0.435
1.9283134203945542,-0.38
1.9310919699916644,-0.355
1.9338705195887749,-0.365
1.936649069185885,-0.365
1.9394276187829955,-0.305
1.9422061683801057,-0.32
1.944984717977216,-0.46
1.9477632675743264,-0.59
1.9505418171714366,-0.635
1.953320366768547,-0.565
1.9560989163656572,-0.495
1.9588774659627677,-0.47
1.961656015559878,-0.48
1.964434565156988,-0.465
1.9672131147540985,-0.42
1.9699916643512088,-0.37
1.9727702139483192,-0.385
1.9755487635454294,-0.4
1.9783273131425398,-0.475
1.98110586273965,-0.535
1.9838844123367603,-0.52
1.9866629619338707,-0.44
1.989441511530981,-0.345
1.9922200611280914,-0.245
1.9949986107252016,-0.185
1.997777160322312,-0.225
2.000555709919422,-0.29
2.0033342595165324,-0.32
2.0061128091136426,-0.285
2.0088913587107533,-0.25
2.0116699083078635,-0.265
2.0144484579049737,-0.33
2.017227007502084,-0.36
2.020005557099194,-0.31
2.022784106696305,-0.155
2.025562656293415,-0.065
2.0283412058905252,-0.155
2.0311197554876355,-0.32
2.033898305084746,-0.335
2.0366768546818563,-0.235
2.0394554042789665,-0.12
2.0422339538760768,-0.08
2.045012503473187,-0.145
2.0477910530702976,-0.23
2.050569602667408,-0.27
2.053348152264518,-0.195
2.0561267018616283,-0.04
2.0589052514587385,0.055
2.061683801055849,0.05
2.0644623506529594,-0.05
2.0672409002500696,-0.115
2.07001944984718,-0.145
2.0727979994442904,-0.09
2.0755765490414007,-0.035
2.078355098638511,0.0
2.081133648235621,-0.015
2.0839121978327313,-0.02
2.086690747429842,-0.04
2.089469297026952,-0.095
2.0922478466240624,-0.145
2.0950263962211726,-0.13
2.097804945818283,-0.12
2.1005834954153935,-0.135
2.1033620450125037,-0.125
2.106140594609614,-0.1
2.108919144206724,-0.135
2.1116976938038348,-0.215
2.114476243400945,-0.275
2.117254792998055,-0.235
2.1200333425951654,-0.155
2.1228118921922756,-0.145
2.1255904417893863,-0.205
2.1283689913864965,-0.355
2.1311475409836067,-0.455
2.133926090580717,-0.415
2.136704640177827,-0.285
2.139483189774938,-0.2
2.142261739372048,-0.225
2.145040288969158,-0.295
2.1478188385662684,-0.345
2.150597388163379,-0.365
2.1533759377604893,-0.36
2.1561544873575995,-0.345
2.1589330369547097,-0.32
2.16171158655182,-0.32
2.1644901361489306,-0.32
2.167268685746041,-0.305
2.170047235343151,-0.24
2.1728257849402612,-0.195
2.1756043345373715,-0.235
2.178382884134482,-0.33
2.1811614337315923,-0.375
2.1839399833287025,-0.345
2.1867185329258128,-0.265
2.1894970825229234,-0.18
2.1922756321200336,-0.15
2.195054181717144,-0.195
2.197832731314254,-0.23
2.2006112809113643,-0.245
2.203389830508475,-0.305
2.206168380105585,-0.36
2.2089469297026953,-0.38
2.2117254792998056,-0.35
2.2145040288969158,-0.245
2.2172825784940264,-0.185
2.2200611280911366,-0.175
2.222839677688247,-0.185
2.225618227285357,-0.24
2.2283967768824677,-0.285
2.231175326479578,-0.305
2.233953876076688,-0.305
2.2367324256737984,-0.235
2.2395109752709086,-0.185
2.2422895248680192,-0.19
2.2450680744651295,-0.235
2.2478466240622397,-0.235
2.25062517365935,-0.155
2.25340372325646,-0.065
2.2561822728535708,-0.08
2.258960822450681,-0.17
2.261739372047791,-0.28
2.2645179216449014,-0.32
2.267296471242012,-0.32
2.2700750208391223,-0.305
2.2728535704362325,-0.245
2.2756321200333427,-0.175
2.278410669630453,-0.15
2.2811892192275636,-0.175
2.283967768824674,-0.235
2.286746318421784,-0.31
2.289524868018894,-0.34
2.2923034176160044,-0.32
2.295081967213115,-0.27
2.2978605168102253,-0.23
2.3006390664073355,-0.275
2.3034176160044457,-0.37
2.3061961656015564,-0.385
2.3089747151986666,-0.315
2.311753264795777,-0.25
2.314531814392887,-0.25
2.3173103639899972,-0.265
2.320088913587108,-0.24
2.322867463184218,-0.2
2.3256460127813283,-0.215
2.3284245623784385,-0.29
2.3312031119755487,-0.335
2.3339816615726594,-0.29
2.3367602111697696,-0.245
2.33953876076688,-0.23
2.34231731036399,-0.23
2.3450958599611007,-0.24
2.347874409558211,-0.215
2.350652959155321,-0.17
2.3534315087524313,-0.135
2.3562100583495416,-0.015
2.358988607946652,0.09
2.3617671575437624,0.185
2.3645457071408726,0.185
2.367324256737983,0.185
2.370102806335093,0.24
2.3728813559322037,0.325
2.375659905529314,0.505
2.378438455126424,0.82
2.3812170047235344,1.1
2.3839955543206446,1.19
2.3867741039177552,1.15
2.3895526535148655,1.085
2.3923312031119757,1.08
2.395109752709086,1.145
2.3978883023061965,1.22
2.4006668519033068,1.28
2.403445401500417,1.255
2.406223951097527,1.1
2.4090025006946374,0.835
2.411781050291748,0.555
2.4145595998888583,0.305
2.4173381494859685,0.15
2.4201166990830787,0.095
2.422895248680189,0.09
2.4256737982772996,0.055
2.42845234787441,-0.09
2.43123089747152,-0.29
2.43400944706863,-0.435
2.436787996665741,-0.465
2.439566546262851,-0.435
2.4423450958599613,-0.365
2.4451236454570715,-0.285
2.4479021950541817,-0.265
2.4506807446512924,-0.345
2.4534592942484026,-0.455
2.456237843845513,-0.535
2.459016393442623,-0.52
2.4617949430397332,-0.445
2.464573492636844,-0.38
2.467352042233954,-0.46
2.4701305918310643,-0.615
2.4729091414281745,-0.68
2.475687691025285,-0.665
2.4784662406223954,-0.58
2.4812447902195056,-0.55
2.484023339816616,-0.535
2.486801889413726,-0.55
2.4895804390108367,-0.53
2.492358988607947,-0.525
2.495137538205057,-0.545
2.4979160878021673,-0.565
2.5006946373992776,-0.585
2.503473186996388,-0.58
2.5062517365934984,-0.565
2.5090302861906086,-0.53
2.511808835787719,-0.49
2.5145873853848295,-0.46
2.5173659349819397,-0.48
2.52014448457905,-0.57
2.52292303417616,-0.6
2.5257015837732704,-0.565
2.528480133370381,-0.47
2.5312586829674912,-0.445
2.5340372325646014,-0.46
2.5368157821617117,-0.495
2.539594331758822,-0.465
2.5423728813559325,-0.375
2.5451514309530427,-0.305
2.547929980550153,-0.365
2.550708530147263,-0.48
2.553487079744374,-0.59
2.556265629341484,-0.605
2.5590441789385943,-0.53
2.5618227285357045,-0.505
2.5646012781328147,-0.425
2.5673798277299253,-0.345
2.5701583773270356,-0.3
2.5729369269241458,-0.32
2.575715476521256,-0.375
2.578494026118366,-0.4
2.581272575715477,-0.43
2.584051125312587,-0.45
2.5868296749096973,-0.39
2.5896082245068075,-0.285
2.592386774103918,-0.255
2.5951653237010284,-0.315
2.5979438732981386,-0.315
2.600722422895249,-0.28
2.603500972492359,-0.26
2.6062795220894697,-0.275
2.60905807168658,-0.26
2.61183662128369,-0.185
2.6146151708808003,-0.12
2.6173937204779105,-0.145
2.620172270075021,-0.2
2.6229508196721314,-0.205
2.6257293692692416,-0.16
2.628507918866352,-0.13
2.6312864684634625,-0.175
2.6340650180605727,-0.26
2.636843567657683,-0.315
2.639622117254793,-0.295
2.6424006668519033,-0.245
2.645179216449014,-0.19
2.647957766046124,-0.125
2.6507363156432344,-0.095
2.6535148652403446,-0.12
2.656293414837455,-0.23
2.6590719644345655,-0.345
2.6618505140316757,-0.34
2.664629063628786,-0.275
2.667407613225896,-0.265
2.670186162823007,-0.285
2.672964712420117,-0.29
2.6757432620172272,-0.245
2.6785218116143374,-0.24
2.6813003612114477,-0.245
2.6840789108085583,-0.2
2.6868574604056685,-0.105
2.6896360100027787,-0.03
2.692414559599889,-0.085
2.695193109196999,-0.27
2.69797165879411,-0.395
2.70075020839122,-0.3
2.7035287579883303,-0.1
2.7063073075854405,-0.07
2.709085857182551,-0.225
2.7118644067796613,-0.37
2.7146429563767716,-0.34
2.7174215059738818,-0.185
2.720200055570992,-0.01
2.7229786051681026,0.055
2.725757154765213,-0.04
2.728535704362323,-0.21
2.7313142539594333,-0.31
2.7340928035565435,-0.375
2.736871353153654,-0.42
2.7396499027507644,-0.46
2.7424284523478746,-0.455
2.745207001944985,-0.38
2.7479855515420955,-0.33
2.7507641011392057,-0.35
2.753542650736316,-0.345
2.756321200333426,-0.23
2.7590997499305363,-0.055
2.761878299527647,0.075
2.764656849124757,0.17
2.7674353987218674,0.255
2.7702139483189776,0.345
2.772992497916088,0.4
2.7757710475131985,0.62
2.7785495971103087,0.795
2.781328146707419,0.865
2.784106696304529,0.815
2.7868852459016398,0.765
2.78966379549875,0.735
2.79244234509586,0.605
2.7952208946929704,0.4
2.7979994442900806,0.215
2.8007779938871913,0.095
2.8035565434843015,-0.015
2.8063350930814117,-0.18
2.809113642678522,-0.305
2.811892192275632,-0.365
2.814670741872743,-0.375
2.817449291469853,-0.405
2.8202278410669632,-0.435
2.8230063906640734,-0.505
2.825784940261184,-0.585
2.8285634898582943,-0.64
2.8313420394554045,-0.625
2.8341205890525147,-0.51
2.836899138649625,-0.405
2.8396776882467356,-0.35
2.842456237843846,-0.39
2.845234787440956,-0.505
2.8480133370380663,-0.585
2.8507918866351765,-0.615
2.853570436232287,-0.605
2.8563489858293973,-0.635
2.8591275354265075,-0.69
2.8619060850236178,-0.695
2.864684634620728,-0.65
2.8674631842178386,-0.6
2.870241733814949,-0.57
2.873020283412059,-0.58
2.8757988330091693,-0.56
2.87857738260628,-0.575
2.88135593220339,-0.6
2.8841344818005004,-0.57
2.8869130313976106,-0.535
2.889691580994721,-0.535
2.8924701305918314,-0.545
2.8952486801889417,-0.535
2.898027229786052,-0.46
2.900805779383162,-0.335
2.9035843289802723,-0.32
2.906362878577383,-0.435
2.909141428174493,-0.56
2.9119199777716034,-0.655
2.9146985273687136,-0.66
2.9174770769658243,-0.56
2.9202556265629345,-0.48
2.9230341761600447,-0.455
2.925812725757155,-0.445
2.928591275354265,-0.405
2.9313698249513758,-0.33
2.934148374548486,-0.27
2.936926924145596,-0.275
2.9397054737427064,-0.33
2.9424840233398166,-0.375
2.9452625729369273,-0.37
2.9480411225340375,-0.37
2.9508196721311477,-0.395
2.953598221728258,-0.355
2.9563767713253686,-0.275
2.959155320922479,-0.21
2.961933870519589,-0.205
2.964712420116699,-0.195
2.9674909697138094,-0.19
2.97026951931092,-0.225
2.9730480689080303,-0.295
2.9758266185051405,-0.39
2.9786051681022507,-0.43
2.981383717699361,-0.425
2.9841622672964716,-0.385
2.986940816893582,-0.33
2.989719366490692,-0.265
2.9924979160878022,-0.255
2.995276465684913,-0.295
2.998055015282023,-0.32
3.0008335648791333,-0.31
3.0036121144762435,-0.29
3.0063906640733538,-0.28
3.0091692136704644,-0.315
3.0119477632675746,-0.335
3.014726312864685,-0.37
3.017504862461795,-0.37
3.0202834120589053,-0.35
3.023061961656016,-0.295
3.025840511253126,-0.24
3.0286190608502364,-0.25
3.0313976104473466,-0.27
3.0341761600444572,-0.31
3.0369547096415674,-0.41
3.0397332592386777,-0.555
3.042511808835788,-0.61
3.045290358432898,-0.525
3.0480689080300087,-0.435
3.050847457627119,-0.425
3.053626007224229,-0.41
3.0564045568213394,-0.39
3.0591831064184496,-0.37
3.0619616560155603,-0.37
3.0647402056126705,-0.385
3.0675187552097807,-0.42
3.070297304806891,-0.44
3.0730758544040016,-0.43
3.0758544040011118,-0.415
3.078632953598222,-0.435
3.081411503195332,-0.415
3.0841900527924424,-0.35
3.086968602389553,-0.32
3.0897471519866633,-0.395
3.0925257015837735,-0.51
3.0953042511808837,-0.54
3.098082800777994,-0.43
3.1008613503751046,-0.365
3.103639899972215,-0.41
3.106418449569325,-0.475
3.109196999166435,-0.54
3.111975548763546,-0.545
3.114754098360656,-0.5
3.1175326479577663,-0.415
3.1203111975548765,-0.405
3.1230897471519867,-0.43
3.1258682967490974,-0.46
3.1286468463462076,-0.485
3.131425395943318,-0.52
3.134203945540428,-0.49
3.1369824951375382,-0.45
3.139761044734649,-0.42
3.142539594331759,-0.43
3.1453181439288693,-0.46
3.1480966935259795,-0.48
3.15087524312309,-0.44
3.1536537927202004,-0.42
3.1564323423173106,-0.495
3.159210891914421,-0.57
3.161989441511531,-0.55
3.1647679911086417,-0.52
3.167546540705752,-0.57
3.170325090302862,-0.615
3.1731036398999724,-0.575
3.1758821894970826,-0.5
3.178660739094193,-0.46
3.1814392886913034,-0.455
3.1842178382884136,-0.515
3.186996387885524,-0.555
3.1897749374826345,-0.575
3.1925534870797447,-0.525
3.195332036676855,-0.52
3.198110586273965,-0.46
3.2008891358710754,-0.425
3.203667685468186,-0.43
3.2064462350652962,-0.515
3.2092247846624065,-0.585
3.2120033342595167,-0.59
3.214781883856627,-0.585
3.2175604334537375,-0.54
3.2203389830508478,-0.465
3.223117532647958,-0.455
3.225896082245068,-0.48
3.228674631842179,-0.485
3.231453181439289,-0.485
3.2342317310363993,-0.525
3.2370102806335095,-0.595
3.2397888302306197,-0.595
3.2425673798277304,-0.46
3.2453459294248406,-0.285
3.248124479021951,-0.29
3.250903028619061,-0.495
3.253681578216171,-0.675
3.256460127813282,-0.735
3.259238677410392,-0.7
3.2620172270075023,-0.635
3.2647957766046125,-0.605
3.267574326201723,-0.64
3.2703528757988334,-0.63
3.2731314253959436,-0.585
3.275909974993054,-0.565
3.278688524590164,-0.505
3.2814670741872747,-0.47
3.284245623784385,-0.51
3.287024173381495,-0.545
3.2898027229786053,-0.47
3.2925812725757155,-0.4
3.295359822172826,-0.53
3.2981383717699364,-0.725
3.3009169213670466,-0.765
3.303695470964157,-0.65
3.3064740205612675,-0.61
3.3092525701583777,-0.615
3.312031119755488,-0.585
3.314809669352598,-0.57
3.3175882189497083,-0.54
3.320366768546819,-0.5
3.323145318143929,-0.535
3.3259238677410394,-0.675
3.3287024173381496,-0.795
3.33148096693526,-0.855
3.3342595165323705,-0.86
3.3370380661294807,-0.8
3.339816615726591,-0.66
3.342595165323701,-0.585
3.3453737149208114,-0.575
3.348152264517922,-0.58
3.3509308141150322,-0.625
3.3537093637121425,-0.62
3.3564879133092527,-0.61
3.3592664629063633,-0.605
3.3620450125034735,-0.585
3.3648235621005838,-0.575
3.367602111697694,-0.53
3.370380661294804,-0.51
3.373159210891915,-0.48
3.375937760489025,-0.495
3.3787163100861353,-0.52
3.3814948596832455,-0.525
3.3842734092803557,-0.48
3.3870519588774664,-0.46
3.3898305084745766,-0.505
3.392609058071687,-0.51
3.395387607668797,-0.5
3.3981661572659076,-0.555
3.400944706863018,-0.67
3.403723256460128,-0.705
3.4065018060572383,-0.605
3.4092803556543485,-0.465
3.412058905251459,-0.39
3.4148374548485694,-0.46
3.4176160044456796,-0.62
3.42039455404279,-0.75
3.4231731036399,-0.765
3.4259516532370107,-0.63
3.428730202834121,-0.485
3.431508752431231,-0.455
3.4342873020283413,-0.495
3.437065851625452,-0.56
3.439844401222562,-0.595
3.4426229508196724,-0.61
3.4454015004167826,-0.64
3.448180050013893,-0.665
3.4509585996110035,-0.61
3.4537371492081137,-0.52
3.456515698805224,-0.42
3.459294248402334,-0.41
3.4620727979994443,-0.47
3.464851347596555,-0.585
3.467629897193665,-0.655
3.4704084467907754,-0.665
3.4731869963878856,-0.635
3.4759655459849963,-0.585
3.4787440955821065,-0.585
3.4815226451792167,-0.615
3.484301194776327,-0.555
3.487079744373437,-0.465
3.489858293970548,-0.415
3.492636843567658,-0.375
3.4954153931647682,-0.305
3.4981939427618784,-0.205
3.5009724923589887,-0.11
3.5037510419560993,0.035
3.5065295915532095,0.27
3.5093081411503197,0.47
3.51208669074743,0.615
3.5148652403445406,0.92
3.517643789941651,1.29
3.520422339538761,1.465
3.5232008891358713,1.395
3.5259794387329815,1.21
3.528757988330092,1.125
3.5315365379272023,1.17
3.5343150875243126,1.315
3.5370936371214228,1.435
3.539872186718533,1.32
3.5426507363156436,0.995
3.545429285912754,0.675
3.548207835509864,0.44
3.5509863851069743,0.2
3.553764934704085,-0.07
3.556543484301195,-0.32
3.5593220338983054,-0.43
3.5621005834954156,-0.54
3.564879133092526,-0.69
3.5676576826896365,-0.745
3.5704362322867467,-0.65
3.573214781883857,-0.62
3.575993331480967,-0.71
3.5787718810780773,-0.825
3.581550430675188,-0.84
3.584328980272298,-0.795
3.5871075298694084,-0.81
3.5898860794665186,-0.875
3.5926646290636293,-0.935
3.5954431786607395,-0.94
3.5982217282578497,-0.89
3.60100027785496,-0.8
3.60377882745207,-0.77
3.606557377049181,-0.85
3.609335926646291,-1.035
3.612114476243401,-1.18
3.6148930258405114,-1.18
3.6176715754376216,-1.09
3.6204501250347323,-1.03
3.6232286746318425,-1.05
3.6260072242289527,-1.08
3.628785773826063,-1.045
3.6315643234231736,-0.985
3.634342873020284,-0.93
3.637121422617394,-0.935
3.6398999722145042,-0.965
3.6426785218116144,-1.025
3.645457071408725,-1.085
3.6482356210058353,-1.105
3.6510141706029455,-1.085
3.6537927202000557,-1.055
3.656571269797166,-1.04
3.6593498193942766,-0.985
3.662128368991387,-0.95
3.664906918588497,-0.93
3.6676854681856073,-0.935
3.670464017782718,-0.935
3.673242567379828,-0.89
3.6760211169769383,-0.86
3.6787996665740486,-0.905
3.6815782161711588,-0.965
3.6843567657682694,-0.975
3.6871353153653796,-0.895
3.68991386496249,-0.82
3.6926924145596,-0.84
3.6954709641567103,-0.945
3.698249513753821,-1.04
3.701028063350931,-1.005
3.7038066129480414,-0.915
3.7065851625451516,-0.825
3.7093637121422622,-0.785
3.7121422617393725,-0.81
3.7149208113364827,-0.875
3.717699360933593,-0.93
3.720477910530703,-0.895
3.7232564601278137,-0.81
3.726035009724924,-0.705
3.728813559322034,-0.64
3.7315921089191444,-0.645
3.7343706585162546,-0.73
3.7371492081133653,-0.795
3.7399277577104755,-0.79
3.7427063073075857,-0.72
3.745484856904696,-0.65
3.7482634065018066,-0.57
3.7510419560989168,-0.48
3.753820505696027,-0.395
3.756599055293137,-0.355
3.7593776048902474,-0.425
3.762156154487358,-0.545
3.7649347040844683,-0.62
3.7677132536815785,-0.65
3.7704918032786887,-0.69
3.773270352875799,-0.725
3.7760489024729096,-0.72
3.77882745207002,-0.68
3.78160600166713,-0.635
3.7843845512642402,-0.64
3.787163100861351,-0.645
3.789941650458461,-0.59
3.7927202000555713,-0.495
3.7954987496526815,-0.445
3.7982772992497917,-0.475
3.8010558488469024,-0.525
3.8038343984440126,-0.54
3.806612948041123,-0.535
3.809391497638233,-0.54
3.8121700472353433,-0.545
3.814948596832454,-0.545
3.817727146429564,-0.51
3.8205056960266743,-0.475
3.8232842456237845,-0.415
3.8260627952208948,-0.34
3.8288413448180054,-0.325
3.8316198944151156,-0.335
3.834398444012226,-0.38
3.837176993609336,-0.445
3.8399555432064467,-0.52
3.842734092803557,-0.53
3.845512642400667,-0.445
3.8482911919977774,-0.405
3.8510697415948876,-0.52
3.8538482911919982,-0.635
3.8566268407891084,-0.64
3.8594053903862187,-0.54
3.862183939983329,-0.455
3.864962489580439,-0.395
3.8677410391775497,-0.38
3.87051958877466,-0.41
3.87329813837177,-0.465
3.8760766879688804,-0.485
3.878855237565991,-0.47
3.8816337871631013,-0.475
3.8844123367602115,-0.485
3.8871908863573217,-0.455
3.889969435954432,-0.39
3.8927479855515426,-0.305
3.8955265351486528,-0.245
3.898305084745763,-0.175
3.901083634342873,-0.22
3.9038621839399834,-0.39
3.906640733537094,-0.565
3.9094192831342043,-0.66
3.9121978327313145,-0.675
3.9149763823284247,-0.68
3.9177549319255354,-0.67
3.9205334815226456,-0.575
3.923312031119756,-0.49
3.926090580716866,-0.445
3.928869130313976,-0.455
3.931647679911087,-0.495
3.934426229508197,-0.5
3.9372047791053073,-0.525
3.9399833287024175,-0.545
3.9427618782995277,-0.56
3.9455404278966384,-0.53
3.9483189774937486,-0.44
3.951097527090859,-0.4
3.953876076687969,-0.43
3.9566546262850797,-0.43
3.95943317588219,-0.325
3.9622117254793,-0.21
3.9649902750764103,-0.22
3.9677688246735205,-0.325
3.970547374270631,-0.42
3.9733259238677414,-0.48
3.9761044734648516,-0.465
3.978883023061962,-0.38
3.981661572659072,-0.3
3.9844401222561827,-0.31
3.987218671853293,-0.38
3.989997221450403,-0.445
3.9927757710475134,-0.485
3.995554320644624,-0.5
3.9983328702417342,-0.44
4.001111419838844,-0.355
4.003889969435955,-0.35
4.006668519033065,-0.425
4.009447068630175,-0.53
4.012225618227285,-0.55
4.015004167824396,-0.47
4.017782717421507,-0.375
4.020561267018617,-0.375
4.023339816615727,-0.44
4.026118366212837,-0.485
4.0288969158099475,-0.45
4.031675465407058,-0.435
4.034454015004168,-0.41
4.037232564601278,-0.37
4.040011114198388,-0.25
4.042789663795499,-0.13
4.04556821339261,-0.085
4.04834676298972,-0.21
4.05112531258683,-0.39
4.05390386218394,-0.525
4.0566824117810505,-0.52
4.059460961378161,-0.41
4.062239510975271,-0.275
4.065018060572381,-0.22
4.067796610169492,-0.155
4.0705751597666024,-0.065
4.073353709363713,-0.04
4.076132258960823,-0.17
4.078910808557933,-0.36
4.081689358155043,-0.325
4.0844679077521535,-0.095
4.087246457349264,0.145
4.090025006946374,0.24
4.092803556543485,0.205
4.095582106140595,0.195
4.0983606557377055,0.295
4.101139205334816,0.49
4.103917754931926,0.79
4.106696304529036,1.11
4.109474854126146,1.355
4.1122534037232565,1.405
4.115031953320367,1.355
4.117810502917477,1.36
4.120589052514588,1.465
4.123367602111698,1.56
4.1261461517088085,1.55
4.128924701305919,1.365
4.131703250903029,1.045
4.134481800500139,0.86
4.137260350097249,0.795
4.14003889969436,0.645
4.14281744929147,0.35
4.145595998888581,0.06
4.148374548485691,-0.13
4.151153098082801,-0.215
4.1539316476799115,-0.295
4.156710197277022,-0.415
4.159488746874132,-0.515
4.162267296471242,-0.555
4.165045846068352,-0.51
4.167824395665463,-0.45
4.170602945262574,-0.445
4.173381494859684,-0.53
4.176160044456794,-0.6
4.178938594053904,-0.55
4.1817171436510145,-0.425
4.184495693248125,-0.365
4.187274242845235,-0.445
4.190052792442345,-0.54
4.192831342039455,-0.56
4.195609891636566,-0.55
4.198388441233677,-0.525
4.201166990830787,-0.51
4.203945540427897,-0.54
4.206724090025007,-0.55
4.209502639622118,-0.565
4.212281189219228,-0.61
4.215059738816338,-0.61
4.217838288413448,-0.545
4.220616838010558,-0.44
4.2233953876076695,-0.455
4.22617393720478,-0.58
4.22895248680189,-0.685
4.231731036399,-0.66
4.23450958599611,-0.595
4.237288135593221,-0.585
4.240066685190331,-0.61
4.242845234787441,-0.575
4.245623784384551,-0.545
4.248402333981662,-0.535
4.2511808835787726,-0.495
4.253959433175883,-0.415
4.256737982772993,-0.39
4.259516532370103,-0.4
4.262295081967213,-0.43
4.265073631564324,-0.42
4.267852181161434,-0.385
4.270630730758544,-0.3
4.273409280355654,-0.21
4.276187829952765,-0.255
4.278966379549876,-0.36
4.281744929146986,-0.365
4.284523478744096,-0.29
4.287302028341206,-0.285
4.290080577938316,-0.33
4.292859127535427,-0.31
4.295637677132537,-0.2
4.298416226729647,-0.105
4.301194776326758,-0.14
4.303973325923868,-0.23
4.306751875520979,-0.25
4.309530425118089,-0.215
4.312308974715199,-0.17
4.315087524312309,-0.175
4.3178660739094195,-0.145
4.32064462350653,-0.055
4.32342317310364,0.01
4.32620172270075,0.02
4.328980272297861,-0.02
4.331758821894971,-0.02
4.334537371492082,-0.04
4.337315921089192,-0.095
4.340094470686302,-0.17
4.342873020283412,-0.165
4.3456515698805225,-0.135
4.348430119477633,-0.145
4.351208669074743,-0.155
4.353987218671854,-0.125
4.356765768268964,-0.06
4.359544317866074,-0.005
4.362322867463185,-0.04
4.365101417060295,-0.09
4.367879966657405,-0.14
4.370658516254515,-0.145
4.3734370658516255,-0.175
4.376215615448736,-0.185
4.378994165045847,-0.155
4.381772714642957,-0.135
4.384551264240067,-0.145
4.3873298138371775,-0.12
4.390108363434288,-0.07
4.392886913031398,-0.025
4.395665462628508,-0.06
4.398444012225618,-0.15
4.4012225618227285,-0.225
4.404001111419839,-0.26
4.40677966101695,-0.21
4.40955821061406,-0.185
4.41233676021117,-0.16
4.4151153098082805,-0.2
4.417893859405391,-0.24
4.420672409002501,-0.235
4.423450958599611,-0.165
4.426229508196721,-0.12
4.4290080577938316,-0.105
4.431786607390943,-0.12
4.434565156988053,-0.215
4.437343706585163,-0.275
4.440122256182273,-0.24
4.4429008057793835,-0.135
4.445679355376494,-0.115
4.448457904973604,-0.145
4.451236454570714,-0.165
4.454015004167824,-0.14
4.4567935537649355,-0.1
4.459572103362046,-0.07
4.462350652959156,-0.12
4.465129202556266,-0.22
4.467907752153376,-0.245
4.4706863017504865,-0.15
4.473464851347597,-0.105
4.476243400944707,-0.13
4.479021950541817,-0.1
4.481800500138927,-0.03
4.4845790497360385,0.045
4.487357599333149,0.095
4.490136148930259,0.12
4.492914698527369,0.1
4.495693248124479,-0.05
4.49847179772159,-0.265
4.5012503473187,-0.33
4.50402889691581,-0.24
4.50680744651292,-0.17
4.509585996110031,-0.165
4.5123645457071415,-0.145
4.515143095304252,-0.08
4.517921644901362,-0.035
4.520700194498472,-0.035
4.523478744095582,-0.075
4.526257293692693,-0.15
4.529035843289803,-0.19
4.531814392886913,-0.14
4.534592942484024,-0.08
4.537371492081134,-0.07
4.5401500416782445,-0.1
4.542928591275355,-0.1
4.545707140872465,-0.06
4.548485690469575,-0.005
4.551264240066685,-0.02
4.554042789663796,-0.06
4.556821339260906,-0.08
4.559599888858016,-0.075
4.562378438455127,-0.065
4.565156988052237,-0.01
4.567935537649348,0.08
4.570714087246458,0.175
4.573492636843568,0.16
4.576271186440678,0.03
4.579049736037788,-0.055
4.581828285634899,-0.03
4.584606835232009,0.05
4.58738538482912,0.12
4.59016393442623,0.04
4.59294248402334,-0.115
4.595721033620451,-0.145
4.598499583217561,-0.07
4.601278132814671,0.015
4.604056682411781,0.085
4.6068352320088914,0.075
4.609613781606002,0.035
4.612392331203113,0.04
4.615170880800223,0.085
4.617949430397333,0.125
4.620727979994443,0.13
4.623506529591554,0.115
4.626285079188664,0.035
4.629063628785774,0.005
4.631842178382884,0.025
4.6346207279799945,0.18
4.637399277577105,0.4
4.640177827174216,0.415
4.642956376771326,0.2
4.645734926368436,0.005
4.648513475965546,-0.05
4.651292025562657,0.06
4.654070575159767,0.21
4.656849124756877,0.275
4.659627674353987,0.215
4.6624062239510975,0.06
4.665184773548209,-0.09
4.667963323145319,-0.085
4.670741872742429,0.02
4.673520422339539,0.1
4.6762989719366495,0.145
4.67907752153376,0.125
4.68185607113087,0.03
4.68463462072798,0.0
4.68741317032509,-0.025
4.690191719922201,-0.015
4.692970269519312,-0.02
4.695748819116422,0.0
4.698527368713532,0.04
4.701305918310642,0.025
4.7040844679077525,0.015
4.706863017504863,0.0
4.709641567101973,-0.005
4.712420116699083,0.005
4.715198666296193,0.065
4.717977215893304,0.2
4.720755765490415,0.255
4.723534315087525,0.14
4.726312864684635,-0.025
4.729091414281745,-0.025
4.7318699638788555,0.215
4.734648513475966,0.505
4.737427063073076,0.59
4.740205612670186,0.455
4.742984162267297,0.285
4.7457627118644075,0.265
4.748541261461518,0.355
4.751319811058628,0.545
4.754098360655738,0.765
4.756876910252848,1.06
4.7596554598499585,1.395
4.762434009447069,1.645
4.765212559044179,1.84
4.767991108641289,1.925
4.7707696582384,1.965
4.7735482078355105,1.965
4.776326757432621,1.9
4.779105307029731,1.805
4.781883856626841,1.75
4.784662406223951,1.665
4.7874409558210616,1.54
4.790219505418172,1.385
4.792998055015282,1.185
4.795776604612393,0.96
4.798555154209503,0.625
4.8013337038066135,0.28
4.804112253403724,0.04
4.806890803000834,-0.055
4.809669352597944,-0.08
4.812447902195054,-0.08
4.815226451792165,-0.1
4.818005001389275,-0.115
4.820783550986386,-0.115
4.823562100583496,-0.15
4.826340650180606,-0.155
4.8291191997777165,-0.22
4.831897749374827,-0.235
4.834676298971937,-0.195
4.837454848569047,-0.125
4.840233398166157,-0.1
4.843011947763268,-0.11
4.845790497360378,-0.13
4.848569046957489,-0.175
4.851347596554599,-0.22
4.854126146151709,-0.25
4.85690469574882,-0.19
4.85968324534593,-0.06
4.86246179494304,0.05
4.86524034454015,0.025
4.86801889413726,-0.11
4.870797443734371,-0.27
4.873575993331482,-0.315
4.876354542928592,-0.29
4.879133092525702,-0.23
4.881911642122812,-0.19
4.884690191719923,-0.12
4.887468741317033,-0.07
4.890247290914143,-0.05
4.893025840511253,-0.105
4.895804390108363,-0.2
4.8985829397054745,-0.33
4.901361489302585,-0.375
4.904140038899695,-0.28
4.906918588496805,-0.14
4.909697138093915,-0.065
4.912475687691026,-0.06
4.915254237288136,-0.015
4.918032786885246,0.055
4.920811336482356,0.01
4.9235898860794665,-0.165
4.926368435676578,-0.26
4.929146985273688,-0.225
4.931925534870798,-0.12
4.934704084467908,-0.05
4.937482634065018,0.04
4.940261183662129,0.085
4.943039733259239,0.125
4.945818282856349,0.15
4.948596832453459,0.195
4.95137538205057,0.24
4.954153931647681,0.14
4.956932481244791,-0.01
4.959711030841901,-0.13
4.962489580439011,-0.09
4.965268130036121,0.04
4.968046679633232,0.14
4.970825229230342,0.14
4.973603778827452,0.085
4.976382328424563,0.125
4.979160878021673,0.24
4.981939427618784,0.315
4.984717977215894,0.25
4.987496526813004,0.115
4.990275076410114,-0.055
4.9930536260072245,-0.09
4.995832175604335,0.015
4.998610725201445,0.13
5.001389274798555,0.245
5.004167824395666,0.365
5.006946373992776,0.365
5.009724923589887,0.23
5.012503473186997,0.115
5.015282022784107,0.08
5.018060572381217,0.21
5.0208391219783275,0.37
5.023617671575438,0.425
5.026396221172548,0.4
5.029174770769659,0.43
5.031953320366769,0.505
5.0347318699638794,0.455
5.03751041956099,0.265
5.0402889691581,0.12
5.04306751875521,0.085
5.04584606835232,0.09
5.0486246179494305,0.08
5.051403167546541,0.055
5.054181717143652,0.03
5.056960266740762,0.06
5.059738816337872,0.095
5.0625173659349825,0.075
5.065295915532093,0.075
5.068074465129203,0.165
5.070853014726313,0.305
5.073631564323423,0.365
5.0764101139205335,0.31
5.079188663517644,0.185
5.081967213114755,0.14
5.084745762711865,0.165
5.087524312308975,0.175
5.0903028619060855,0.06
5.093081411503196,-0.04
5.095859961100306,0.03
5.098638510697416,0.195
5.101417060294526,0.285
5.104195609891637,0.265
5.106974159488748,0.21
5.109752709085858,0.215
5.112531258682968,0.235
5.115309808280078,0.265
5.1180883578771885,0.28
5.120866907474299,0.275
5.123645457071409,0.265
5.126424006668519,0.255
5.129202556265629,0.24
5.1319811058627405,0.225
5.134759655459851,0.29
5.137538205056961,0.46
5.140316754654071,0.615
5.143095304251181,0.665
5.1458738538482915,0.58
5.148652403445402,0.37
5.151430953042512,0.125
5.154209502639622,-0.02
5.156988052236732,-0.005
5.1597666018338435,0.025
5.162545151430954,0.06
5.165323701028064,0.115
5.168102250625174,0.175
5.170880800222284,0.3
5.173659349819395,0.385
5.176437899416505,0.405
5.179216449013615,0.46
5.181994998610725,0.58
5.184773548207836,0.725
5.1875520978049465,0.88
5.190330647402057,0.91
5.193109196999167,0.855
5.195887746596277,0.855
5.198666296193387,1.065
5.201444845790498,1.36
5.204223395387608,1.575
5.207001944984718,1.62
5.209780494581829,1.445
5.212559044178939,1.22
5.2153375937760496,1.17
5.21811614337316,1.25
5.22089469297027,1.24
5.22367324256738,0.96
5.22645179216449,0.52
5.229230341761601,0.26
5.232008891358711,0.25
5.234787440955821,0.29
5.237565990552932,0.2
5.240344540150042,0.0
5.243123089747153,-0.115
5.245901639344263,-0.075
5.248680188941373,-0.04
5.251458738538483,-0.015
5.254237288135593,-0.02
5.257015837732704,-0.005
5.259794387329814,0.03
5.262572936926925,0.045
5.265351486524035,-0.005
5.268130036121145,-0.085
5.270908585718256,-0.09
5.273687135315366,-0.065
5.276465684912476,-0.025
5.279244234509586,-0.02
5.2820227841066965,-0.015
5.284801333703807,0.025
5.287579883300917,0.09
5.290358432898028,0.135
5.293136982495138,0.125
5.295915532092248,0.055
5.298694081689359,-0.015
5.301472631286469,-0.015
5.304251180883579,0.005
5.307029730480689,0.035
5.3098082800777995,0.06
5.31258682967491,0.115
5.315365379272021,0.23
5.318143928869131,0.325
5.320922478466241,0.37
5.323701028063351,0.35
5.326479577660462,0.365
5.329258127257572,0.445
5.332036676854682,0.61
5.334815226451792,0.72
5.3375937760489025,0.625
5.340372325646014,0.44
5.343150875243124,0.58
5.345929424840234,0.985
5.348707974437344,0.955
5.3514865240344545,0.315
5.354265073631565,-0.325
5.357043623228675,-0.33
5.359822172825785,0.04
5.362600722422895,0.36
5.3653792720200055,0.485
5.368157821617117,0.495
5.370936371214227,0.42
5.373714920811337,0.39
5.376493470408447,0.42
5.3792720200055575,0.505
5.382050569602668,0.56
5.384829119199778,0.515
5.387607668796888,0.46
5.390386218393998,0.45
5.393164767991109,0.435
5.39594331758822,0.41
5.39872186718533,0.415
5.40150041678244,0.405
5.40427896637955,0.385
5.4070575159766605,0.39
5.409836065573771,0.37
5.412614615170881,0.35
5.415393164767991,0.32
5.418171714365102,0.31
5.4209502639622125,0.305
5.423728813559323,0.245
5.426507363156433,0.17
5.429285912753543,0.185
5.432064462350653,0.23
5.4348430119477635,0.24
5.437621561544874,0.25
5.440400111141984,0.225
5.443178660739094,0.19
5.445957210336205,0.165
5.4487357599333155,0.18
5.451514309530426,0.21
5.454292859127536,0.215
5.457071408724646,0.21
5.459849958321756,0.205
5.462628507918867,0.22
5.465407057515977,0.27
5.468185607113087,0.33
5.470964156710198,0.435
5.473742706307308,0.485
5.4765212559044185,0.455
5.479299805501529,0.36
5.482078355098639,0.32
5.484856904695749,0.36
5.487635454292859,0.385
5.49041400388997,0.295
5.49319255348708,0.265
5.495971103084191,0.33
5.498749652681301,0.4
5.501528202278411,0.32
5.5043067518755215,0.085
5.507085301472632,-0.1
5.509863851069742,-0.13
5.512642400666852,-0.035
5.515420950263962,0.085
5.518199499861073,0.16
5.520978049458183,0.185
5.523756599055294,0.165
5.526535148652404,0.12
5.529313698249514,0.125
5.532092247846625,0.2
5.534870797443735,0.28
5.537649347040845,0.275
5.540427896637955,0.235
5.543206446235065,0.195
5.545984995832176,0.185
5.548763545429287,0.205
5.551542095026397,0.285
5.554320644623507,0.345
5.557099194220617,0.36
5.559877743817728,0.36
5.562656293414838,0.43
5.565434843011948,0.545
5.568213392609058,0.63
5.5709919422061684,0.55
5.5737704918032795,0.3
5.57654904140039,0.08
5.5793275909975,0.025
5.58210614059461,0.08
5.58488469019172,0.14
5.587663239788831,0.19
5.590441789385941,0.165
5.593220338983051,0.105
5.595998888580161,0.1
5.5987774381772715,0.2
5.601555987774383,0.385
5.604334537371493,0.515
5.607113086968603,0.53
5.609891636565713,0.385
5.612670186162823,0.105
5.615448735759934,-0.15
5.618227285357044,-0.235
5.621005834954154,-0.1
5.623784384551264,0.125
5.626562934148375,0.26
5.629341483745486,0.32
5.632120033342596,0.315
5.634898582939706,0.325
5.637677132536816,0.335
5.6404556821339265,0.3
5.643234231731037,0.23
5.646012781328147,0.11
5.648791330925257,0.04
5.651569880522368,0.015
5.654348430119478,0.125
5.657126979716589,0.295
5.659905529313699,0.5
5.662684078910809,0.63
5.665462628507919,0.615
5.6682411781050295,0.46
5.67101972770214,0.135
5.67379827729925,-0.125
5.67657682689636,-0.13
5.679355376493471,0.0
5.682133926090581,0.065
5.684912475687692,0.075
5.687691025284802,0.075
5.690469574881912,0.135
5.693248124479022,0.175
5.6960266740761325,0.15
5.698805223673243,0.13
5.701583773270353,0.19
5.704362322867464,0.325
5.707140872464574,0.445
5.7099194220616845,0.42
5.712697971658795,0.205
5.715476521255905,-0.07
5.718255070853015,-0.2
5.721033620450125,-0.115
5.7238121700472355,0.04
5.726590719644346,0.16
5.729369269241456,0.2
5.732147818838567,0.245
5.734926368435677,0.385
5.7377049180327875,0.625
5.740483467629898,0.84
5.743262017227008,0.715
5.746040566824118,0.245
5.748819116421228,-0.165
5.7515976660183386,-0.27
5.754376215615449,-0.155
5.75715476521256,-0.115
5.75993331480967,-0.165
5.76271186440678,-0.155
5.7654904140038905,-0.02
5.768268963601001,0.19
5.771047513198111,0.41
5.773826062795221,0.525
5.776604612392331,0.485
5.779383161989442,0.235
5.782161711586553,-0.08
5.784940261183663,-0.24
5.787718810780773,-0.125
5.790497360377883,0.15
5.7932759099749935,0.36
5.796054459572104,0.445
5.798833009169214,0.535
5.801611558766324,0.665
5.804390108363434,0.8
5.807168657960545,0.81
5.809947207557656,0.795
5.812725757154766,0.79
5.815504306751876,0.79
5.818282856348986,0.79
5.821061405946097,0.85
5.823839955543207,1.035
5.826618505140317,1.245
5.829397054737427,1.35
5.832175604334537,1.42
5.8349541539316485,1.485
5.837732703528759,1.545
5.840511253125869,1.53
5.843289802722979,1.46
5.846068352320089,1.335
5.8488469019172,1.18
5.85162545151431,1.08
5.85440400111142,1.005
5.85718255070853,0.88
5.859961100305641,0.725
5.8627396499027515,0.535
5.865518199499862,0.365
5.868296749096972,0.255
5.871075298694082,0.185
5.873853848291192,0.075
5.876632397888303,0.0
5.879410947485413,0.01
5.882189497082523,0.035
5.884968046679633,-0.025
5.887746596276744,-0.065
5.890525145873855,-0.055
5.893303695470965,0.005
5.896082245068075,0.01
5.898860794665185,-0.13
5.901639344262295,-0.25
5.904417893859406,-0.23
5.907196443456516,-0.165
5.909974993053626,-0.175
5.912753542650737,-0.31
5.915532092247847,-0.44
5.918310641844958,-0.445
5.921089191442068,-0.38
5.923867741039178,-0.335
5.926646290636288,-0.33
5.929424840233398,-0.33
5.932203389830509,-0.28
5.934981939427619,-0.195
5.93776048902473,-0.115
5.94053903862184,-0.06
5.94331758821895,-0.075
5.946096137816061,-0.14
5.948874687413171,-0.2
5.951653237010281,-0.185
5.954431786607391,-0.07
5.9572103362045015,-0.04
5.959988885801612,-0.115
5.962767435398722,-0.23
5.965545984995833,-0.285
5.968324534592943,-0.22
5.971103084190053,-0.11
5.973881633787164,-0.01
5.976660183384274,0.055
5.979438732981384,0.035
5.982217282578494,-0.075
5.9849958321756045,-0.19
5.987774381772715,-0.235
5.990552931369826,-0.19
5.993331480966936,-0.125
5.996110030564046,-0.13
5.9988885801611564,-0.16
6.001667129758267,-0.13
6.004445679355377,-0.02
6.007224228952487,-0.045
6.010002778549597,-0.27
6.0127813281467075,-0.545
6.015559877743819,-0.58
6.018338427340929,-0.44
6.021116976938039,-0.295
6.023895526535149,-0.185
6.0266740761322595,-0.11
6.02945262572937,-0.105
6.03223117532648,-0.15
6.03500972492359,-0.205
6.0377882745207,-0.225
6.0405668241178105,-0.195
6.043345373714922,-0.13
6.046123923312032,-0.085
6.048902472909142,-0.035
6.051681022506252,-0.01
6.0544595721033625,-0.015
6.057238121700473,-0.035
6.060016671297583,-0.035
6.062795220894693,0.03
6.065573770491803,0.075
6.0683523200889145,0.055
6.071130869686025,0.035
6.073909419283135,0.055
6.076687968880245,0.065
6.079466518477355,0.05
6.0822450680744655,0.025
6.085023617671576,0.0
6.087802167268686,0.045
6.090580716865796,0.115
6.093359266462907,0.175
6.0961378160600175,0.22
6.098916365657128,0.28
6.101694915254238,0.295
6.104473464851348,0.18
6.107252014448458,0.035
6.1100305640455685,-0.07
6.112809113642679,-0.045
6.115587663239789,0.15
6.118366212836899,0.44
6.12114476243401,0.565
6.1239233120311205,0.395
6.126701861628231,0.09
6.129480411225341,-0.075
6.132258960822451,-0.13
6.135037510419561,-0.115
6.137816060016672,-0.17
6.140594609613782,-0.16
6.143373159210892,-0.115
6.146151708808003,-0.02
6.148930258405113,0.075
6.1517088080022235,0.14
6.154487357599334,0.165
6.157265907196444,0.11
6.160044456793554,-0.025
6.162823006390664,-0.14
6.165601555987775,-0.145
6.168380105584885,-0.08
6.171158655181995,0.0
6.173937204779106,0.075
6.176715754376216,0.14
6.1794943039733266,0.24
6.182272853570437,0.38
6.185051403167547,0.37
6.187829952764657,0.19
6.190608502361767,-0.08
6.193387051958878,-0.135
6.196165601555988,0.13
6.198944151153099,0.455
6.201722700750209,0.59
6.204501250347319,0.405
6.20727979994443,0.105
6.21005834954154,-0.075
6.21283689913865,-0.045
6.21561544873576,0.08
6.21839399833287,0.185
6.221172547929981,0.18
6.223951097527092,0.06
6.226729647124202,-0.065
6.229508196721312,-0.1
6.232286746318422,-0.14
6.235065295915533,-0.315
6.237843845512643,-0.575
6.240622395109753,-0.79
6.243400944706863,-0.895
6.2461794943039735,-0.93
6.248958043901084,-0.99
6.251736593498195,-1.065
6.254515143095305,-1.115
6.257293692692415,-1.15
6.260072242289525,-1.055
6.262850791886636,-0.855
6.265629341483746,-0.625
6.268407891080856,-0.43
6.271186440677966,-0.355
6.2739649902750765,-0.46
6.276743539872188,-0.605
6.279522089469298,-0.705
6.282300639066408,-0.655
6.285079188663518,-0.46
6.287857738260628,-0.24
6.290636287857739,-0.085
6.293414837454849,0.105
6.296193387051959,0.32
6.298971936649069,0.495
6.30175048624618,0.445
6.304529035843291,0.28
6.307307585440401,0.18
6.310086135037511,0.2
6.312864684634621,0.18
6.3156432342317315,0.065
6.318421783828842,-0.09
6.321200333425952,-0.275
6.323978883023062,-0.405
6.326757432620172,-0.4
6.329535982217283,-0.315
6.332314531814394,-0.2
6.335093081411504,-0.07
6.337871631008614,0.04
6.340650180605724,0.1
6.3434287302028345,0.085
6.346207279799945,0.03
6.348985829397055,0.04
6.351764378994165,0.12
6.354542928591276,0.1
6.357321478188386,-0.005
6.360100027785497,-0.115
6.362878577382607,-0.16
6.365657126979717,-0.155
6.368435676576827,-0.115
6.3712142261739375,0.0
6.373992775771048,0.165
6.376771325368158,0.25
6.379549874965269,0.225
6.382328424562379,0.135
6.3851069741594895,0.065
6.3878855237566,0.035
6.39066407335371,0.05
6.39344262295082,0.16
6.39622117254793,0.315
6.3989997221450405,0.455
6.401778271742151,0.545
6.404556821339261,0.615
6.407335370936372,0.575
6.410113920533482,0.485
6.4128924701305925,0.39
6.415671019727703,0.38
6.418449569324813,0.435
6.421228118921923,0.53
6.424006668519033,0.605
6.426785218116144,0.645
6.429563767713254,0.635
6.432342317310365,0.595
6.435120866907475,0.54
6.437899416504585,0.56
6.4406779661016955,0.705
6.443456515698806,0.94
6.446235065295916,1.07
6.449013614893026,1.085
6.451792164490136,1.005
6.454570714087247,0.895
6.457349263684358,0.78
6.460127813281468,0.615
6.462906362878578,0.54
6.465684912475688,0.54
6.4684634620727985,0.64
6.471242011669909,0.71
6.474020561267019,0.67
6.476799110864129,0.585
6.479577660461239,0.535
6.48235621005835,0.52
6.485134759655461,0.535
6.487913309252571,0.555
6.490691858849681,0.565
6.493470408446791,0.55
6.496248958043902,0.47
6.499027507641012,0.295
6.501806057238122,0.14
6.504584606835232,0.16
6.507363156432342,0.23
6.5101417060294535,0.28
6.512920255626564,0.28
6.515698805223674,0.325
6.518477354820784,0.34
6.521255904417894,0.3
6.524034454015005,0.175
6.526813003612115,0.08
6.529591553209225,0.05
6.532370102806335,0.04
6.535148652403446,0.15
6.5379272020005565,0.34
6.540705751597667,0.44
6.543484301194777,0.315
6.546262850791887,0.085
6.549041400388997,-0.13
6.551819949986108,-0.19
6.554598499583218,-0.2
6.557377049180328,-0.255
6.560155598777438,-0.345
6.562934148374549,-0.44
6.56571269797166,-0.565
6.56849124756877,-0.74
6.57126979716588,-0.965
6.57404834676299,-1.19
6.5768268963601,-1.37
6.579605445957211,-1.43
6.582383995554321,-1.4
6.585162545151431,-1.325
6.587941094748542,-1.155
6.590719644345652,-0.875
6.593498193942763,-0.58
6.596276743539873,-0.4
6.599055293136983,-0.28
6.601833842734093,-0.14
6.6046123923312035,-0.02
6.607390941928314,0.04
6.610169491525424,0.04
6.612948041122535,0.005
6.615726590719645,-0.065
6.618505140316755,-0.14
6.621283689913866,-0.185
6.624062239510976,-0.235
6.626840789108086,-0.315
6.629619338705196,-0.365
6.6323978883023065,-0.31
6.635176437899417,-0.245
6.637954987496527,-0.2
6.640733537093638,-0.17
6.643512086690748,-0.11
6.646290636287858,-0.035
6.649069185884969,0.01
6.651847735482079,-0.025
6.654626285079189,-0.115
6.657404834676299,-0.17
6.6601833842734095,-0.155
6.66296193387052,-0.16
6.665740483467631,-0.23
6.668519033064741,-0.335
6.671297582661851,-0.34
6.6740761322589615,-0.275
6.676854681856072,-0.22
6.679633231453182,-0.27
6.682411781050292,-0.365
6.685190330647402,-0.38
6.6879688802445125,-0.315
6.690747429841623,-0.2
6.693525979438734,-0.135
6.696304529035844,-0.14
6.699083078632954,-0.165
6.7018616282300645,-0.175
6.704640177827175,-0.105
6.707418727424285,-0.05
6.710197277021395,-0.045
6.712975826618505,-0.115
6.7157543762156156,-0.135
6.718532925812727,-0.025
6.721311475409837,0.205
6.724090025006947,0.395
6.726868574604057,0.405
6.7296471242011675,0.235
6.732425673798278,0.025
6.735204223395388,-0.125
6.737982772992498,-0.18
6.740761322589608,-0.205
6.7435398721867195,-0.16
6.74631842178383,-0.105
6.74909697138094,-0.04
6.75187552097805,0.025
6.75465407057516,0.075
6.7574326201722705,0.18
6.760211169769381,0.295
6.762989719366491,0.33
6.765768268963601,0.27
6.768546818560711,0.22
6.7713253681578225,0.2
6.774103917754933,0.255
6.776882467352043,0.28
6.779661016949153,0.3
6.782439566546263,0.345
6.785218116143374,0.39
6.787996665740484,0.41
6.790775215337594,0.395
6.793553764934704,0.45
6.796332314531815,0.535
6.7991108641289255,0.605
6.801889413726036,0.575
6.804667963323146,0.49
6.807446512920256,0.315
6.810225062517366,0.105
6.813003612114477,-0.015
6.815782161711587,0.025
6.818560711308697,0.195
6.821339260905808,0.315
6.824117810502918,0.305
6.8268963601000285,0.19
6.829674909697139,0.11
6.832453459294249,0.08
6.835232008891359,0.09
6.838010558488469,0.095
6.84078910808558,-0.03
6.84356765768269,-0.24
6.8463462072798,-0.315
6.849124756876911,-0.225
6.851903306474021,-0.105
6.854681856071132,-0.04
6.857460405668242,-0.025
6.860238955265352,-0.035
6.863017504862462,-0.035
6.865796054459572,-0.015
6.868574604056683,0.005
6.871353153653793,0.015
6.874131703250904,0.015
6.876910252848014,0.03
6.879688802445124,0.07
6.882467352042235,0.115
6.885245901639345,0.135
6.888024451236455,0.09
6.890803000833565,0.035
6.893581550430675,-0.02
6.896360100027786,-0.04
6.899138649624897,-0.05
6.901917199222007,-0.035
6.904695748819117,-0.02
6.907474298416227,-0.08
6.910252848013338,-0.215
6.913031397610448,-0.335
6.915809947207558,-0.31
6.918588496804668,-0.155
6.9213670464017785,0.02
6.924145595998889,0.095
6.926924145596,0.12
6.92970269519311,0.115
6.93248124479022,0.075
6.93525979438733,0.02
6.938038343984441,-0.035
6.940816893581551,-0.125
6.943595443178661,-0.195
6.946373992775771,-0.195
6.9491525423728815,-0.065
6.951931091969993,0.135
6.954709641567103,0.295
6.957488191164213,0.29
6.960266740761323,0.205
6.9630452903584334,0.175
6.965823839955544,0.22
6.968602389552654,0.28
6.971380939149764,0.39
6.974159488746874,0.53
6.976938038343985,0.645
6.979716587941096,0.66
6.982495137538206,0.66
6.985273687135316,0.705
6.988052236732426,0.81
6.9908307863295365,0.89
6.993609335926647,1.0
6.996387885523757,1.095
6.999166435120867,1.1
7.001944984717977,0.95
7.004723534315088,0.705
7.007502083912199,0.545
7.010280633509309,0.53
7.013059183106419,0.51
7.015837732703529,0.42
7.0186162823006395,0.33
7.02139483189775,0.3
7.02417338149486,0.275
7.02695193109197,0.125
7.029730480689081,-0.175
7.0325090302861915,-0.455
7.035287579883302,-0.505
7.038066129480412,-0.27
7.040844679077522,0.065
7.043623228674632,0.205
7.0464017782717425,0.02
7.049180327868853,-0.36
7.051958877465963,-0.66
7.054737427063074,-0.75
7.057515976660184,-0.68
7.0602945262572945,-0.55
7.063073075854405,-0.425
7.065851625451515,-0.36
7.068630175048625,-0.395
7.071408724645735,-0.505
7.0741872742428455,-0.625
7.076965823839956,-0.65
7.079744373437066,-0.59
7.082522923034177,-0.47
7.085301472631287,-0.385
7.0880800222283975,-0.335
7.090858571825508,-0.345
7.093637121422618,-0.425
7.096415671019728,-0.505
7.099194220616838,-0.54
7.101972770213949,-0.5
7.104751319811059,-0.425
7.10752986940817,-0.4
7.11030841900528,-0.37
7.11308696860239,-0.355
7.1158655181995005,-0.28
7.118644067796611,-0.155
7.121422617393721,-0.065
7.124201166990831,-0.035
7.126979716587941,-0.005
7.129758266185052,0.0
7.132536815782162,-0.065
7.135315365379273,-0.21
7.138093914976383,-0.43
7.140872464573493,-0.61
7.1436510141706036,-0.675
7.146429563767714,-0.575
7.149208113364824,-0.395
7.151986662961934,-0.25
7.154765212559044,-0.295
7.157543762156155,-0.445
7.160322311753266,-0.55
7.163100861350376,-0.595
7.165879410947486,-0.565
7.168657960544596,-0.45
7.171436510141707,-0.2
7.174215059738817,0.01
7.176993609335927,0.065
7.179772158933037,-0.035
7.182550708530147,-0.21
7.1853292581272585,-0.31
7.188107807724369,-0.31
7.190886357321479,-0.245
7.193664906918589,-0.17
7.196443456515699,-0.095
7.19922200611281,0.005
7.20200055570992,0.04
7.20477910530703,-0.02
7.20755765490414,-0.14
7.2103362045012505,-0.255
7.213114754098362,-0.265
7.215893303695472,-0.185
7.218671853292582,-0.135
7.221450402889692,-0.13
7.224228952486802,-0.145
7.227007502083913,-0.11
7.229786051681023,-0.04
7.232564601278133,0.02
7.235343150875243,0.055
7.238121700472354,0.085
7.240900250069465,0.095
7.243678799666575,0.05
7.246457349263685,0.0
7.249235898860795,-0.04
7.252014448457905,-0.005
7.254792998055016,0.11
7.257571547652126,0.175
7.260350097249236,0.15
7.263128646846347,0.075
7.265907196443457,0.04
7.268685746040568,-0.015
7.271464295637678,-0.03
7.274242845234788,-0.06
7.277021394831898,-0.1
7.2797999444290085,-0.2
7.282578494026119,-0.325
7.285357043623229,-0.405
7.288135593220339,-0.365
7.29091414281745,-0.255
7.29369269241456,-0.16
7.296471242011671,-0.115
7.299249791608781,-0.065
7.302028341205891,0.015
7.304806890803001,0.085
7.3075854404001115,0.075
7.310363989997222,-0.005
7.313142539594332,-0.075
7.315921089191443,-0.11
7.318699638788553,-0.09
7.321478188385663,-0.075
7.324256737982774,-0.095
7.327035287579884,-0.075
7.329813837176994,0.015
7.332592386774104,0.155
7.3353709363712145,0.235
7.338149485968325,0.14
7.340928035565436,-0.04
7.343706585162546,-0.18
7.346485134759656,-0.105
7.3492636843567665,0.025
7.352042233953877,0.06
7.354820783550987,-0.065
7.357599333148097,-0.215
7.360377882745207,-0.205
7.3631564323423175,-0.015
7.365934981939428,0.29
7.368713531536539,0.53
7.371492081133649,0.64
7.374270630730759,0.725
7.3770491803278695,0.835
7.37982772992498,0.955
7.38260627952209,1.06
7.3853848291192,1.17
7.38816337871631,1.33
7.390941928313421,1.37
7.393720477910532,1.295
7.396499027507642,1.105
7.399277577104752,0.9
7.402056126701862,0.665
7.4048346762989725,0.345
7.407613225896083,0.065
7.410391775493193,0.0
7.413170325090303,0.075
7.415948874687413,0.135
7.4187274242845245,0.105
7.421505973881635,0.065
7.424284523478745,0.065
7.427063073075855,0.075
7.429841622672965,-0.025
7.4326201722700755,-0.23
7.435398721867186,-0.45
7.438177271464296,-0.535
7.440955821061406,-0.495
7.443734370658516,-0.48
7.4465129202556275,-0.565
7.449291469852738,-0.65
7.452070019449848,-0.675
7.454848569046958,-0.585
7.457627118644068,-0.52
7.460405668241179,-0.47
7.463184217838289,-0.505
7.465962767435399,-0.54
7.468741317032509,-0.53
7.47151986662962,-0.52
7.4742984162267305,-0.51
7.477076965823841,-0.475
7.479855515420951,-0.46
7.482634065018061,-0.465
7.485412614615171,-0.48
7.488191164212282,-0.46
7.490969713809392,-0.41
7.493748263406502,-0.35
7.496526813003613,-0.28
7.499305362600723,-0.195
7.5020839121978335,-0.185
7.504862461794944,-0.295
7.507641011392054,-0.395
7.510419560989164,-0.375
7.513198110586274,-0.295
7.515976660183385,-0.2
7.518755209780495,-0.225
7.521533759377605,-0.38
7.524312308974716,-0.555
7.527090858571826,-0.645
7.529869408168937,-0.6
7.532647957766047,-0.515
7.535426507363157,-0.45
7.538205056960267,-0.395
7.540983606557377,-0.35
7.543762156154488,-0.31
7.546540705751598,-0.325
7.549319255348709,-0.315
7.552097804945819,-0.31
7.554876354542929,-0.29
7.55765490414004,-0.27
7.56043345373715,-0.235
7.56321200333426,-0.18
7.56599055293137,-0.14
7.5687691025284805,-0.125
7.571547652125591,-0.13
7.574326201722702,-0.13
7.577104751319812,-0.135
7.579883300916922,-0.14
7.582661850514032,-0.115
7.585440400111143,-0.035
7.588218949708253,0.055
7.590997499305363,0.115
7.593776048902473,0.085
7.5965545984995835,0.0
7.599333148096694,-0.065
7.602111697693805,-0.125
7.604890247290915,-0.195
7.607668796888025,-0.23
7.610447346485135,-0.18
7.613225896082246,-0.085
7.616004445679356,0.015
7.618782995276466,0.065
7.621561544873576,0.06
7.6243400944706865,0.025
7.627118644067798,0.01
7.629897193664908,-0.005
7.632675743262018,0.045
7.635454292859128,0.13
7.6382328424562385,0.09
7.641011392053349,-0.08
7.643789941650459,-0.28
7.646568491247569,-0.35
7.649347040844679,-0.305
7.6521255904417895,-0.235
7.654904140038901,-0.25
7.657682689636011,-0.31
7.660461239233121,-0.3
7.663239788830231,-0.225
7.6660183384273415,-0.125
7.668796888024452,-0.085
7.671575437621562,-0.055
7.674353987218672,-0.035
7.677132536815782,-0.04
7.679911086412893,-0.065
7.682689636010004,-0.05
7.685468185607114,-0.005
7.688246735204224,0.015
7.691025284801334,-0.025
7.6938038343984445,-0.095
7.696582383995555,-0.105
7.699360933592665,0.01
7.702139483189775,0.145
7.704918032786886,0.23
7.7076965823839965,0.25
7.710475131981107,0.21
7.713253681578217,0.165
7.716032231175327,0.065
7.718810780772437,-0.05
7.7215893303695475,-0.13
7.724367879966658,-0.18
7.727146429563768,-0.16
7.729924979160878,-0.135
7.732703528757989,-0.03
7.7354820783550995,0.205
7.73826062795221,0.49
7.74103917754932,0.705
7.74381772714643,0.83
7.74659627674354,0.885
7.749374826340651,0.98
7.752153375937761,1.1
7.754931925534871,1.205
7.757710475131982,1.29
7.760489024729092,1.295
7.7632675743262025,1.175
7.766046123923313,1.015
7.768824673520423,0.935
7.771603223117533,0.87
7.774381772714643,0.7
7.777160322311754,0.34
7.779938871908864,-0.095
7.782717421505975,-0.34
7.785495971103085,-0.37
7.788274520700195,-0.31
7.7910530702973055,-0.31
7.793831619894416,-0.37
7.796610169491526,-0.46
7.799388719088636,-0.445
7.802167268685746,-0.41
7.804945818282857,-0.37
7.807724367879967,-0.33
7.810502917477078,-0.305
7.813281467074188,-0.35
7.816060016671298,-0.48
7.818838566268409,-0.555
7.821617115865519,-0.51
7.824395665462629,-0.36
7.827174215059739,-0.275
7.829952764656849,-0.335
7.83273131425396,-0.58
7.835509863851071,-0.89
7.838288413448181,-0.96
7.841066963045291,-0.725
7.843845512642401,-0.42
7.846624062239512,-0.33
7.849402611836622,-0.46
7.852181161433732,-0.48
7.854959711030842,-0.375
7.857738260627952,-0.425
7.8605168102250635,-0.65
7.863295359822174,-0.82
7.866073909419284,-0.8
7.868852459016394,-0.645
7.871631008613504,-0.5
7.874409558210615,-0.475
7.877188107807725,-0.54
7.879966657404835,-0.555
7.882745207001945,-0.49
7.8855237565990555,-0.41
7.888302306196167,-0.425
7.891080855793277,-0.505
7.893859405390387,-0.55
7.896637954987497,-0.635
7.899416504584607,-0.715
7.902195054181718,-0.66
7.904973603778828,-0.56
7.907752153375938,-0.52
7.910530702973048,-0.54
7.913309252570159,-0.585
7.91608780216727,-0.53
7.91886635176438,-0.39
7.92164490136149,-0.2
7.9244234509586,-0.11
7.9272020005557104,-0.19
7.929980550152821,-0.375
7.932759099749931,-0.515
7.935537649347041,-0.545
7.938316198944152,-0.46
7.941094748541262,-0.44
7.943873298138373,-0.455
7.946651847735483,-0.4
7.949430397332593,-0.315
7.952208946929703,-0.225
7.9549874965268135,-0.185
7.957766046123924,-0.265
7.960544595721034,-0.365
7.963323145318144,-0.415
7.966101694915255,-0.285
7.968880244512365,-0.055
7.971658794109476,0.085
7.974437343706586,-0.03
7.977215893303696,-0.18
7.979994442900806,-0.18
7.9827729924979165,-0.075
7.985551542095027,0.0
7.988330091692137,0.075
7.991108641289248,0.065
7.993887190886358,-0.08
7.9966657404834685,-0.285
7.999444290080579,-0.435
8.002222839677689,-0.39
8.005001389274799,-0.165
8.00777993887191,-0.03
8.01055848846902,-0.165
8.01333703806613,-0.395
8.01611558766324,-0.46
8.01889413726035,-0.37
8.02167268685746,-0.275
8.02445123645457,-0.28
8.02722978605168,-0.32
8.030008335648793,-0.31
8.032786885245903,-0.2
8.035565434843013,-0.12
8.038343984440123,-0.13
8.041122534037234,-0.185
8.043901083634344,-0.22
8.046679633231454,-0.17
8.049458182828564,-0.1
8.052236732425675,-0.025
8.055015282022785,-0.045
8.057793831619895,-0.295
8.060572381217005,-0.595
8.063350930814115,-0.72
8.066129480411226,-0.535
8.068908030008336,-0.27
8.071686579605446,-0.115
8.074465129202556,-0.145
8.077243678799666,-0.3
8.080022228396777,-0.475
8.082800777993889,-0.51
8.085579327590999,-0.435
8.088357877188109,-0.34
8.09113642678522,-0.305
8.09391497638233,-0.305
8.09669352597944,-0.255
8.09947207557655,-0.12
8.10225062517366,-0.015
8.10502917477077,-0.01
8.10780772436788,-0.11
8.11058627396499,-0.2
8.113364823562101,-0.245
8.116143373159211,-0.15
8.118921922756321,0.085
8.121700472353432,0.285
8.124479021950542,0.35
8.127257571547652,0.38
8.130036121144762,0.5
8.132814670741872,0.7
8.135593220338984,0.87
8.138371769936095,1.01
8.141150319533205,1.155
8.143928869130315,1.28
8.146707418727425,1.315
8.149485968324536,1.34
8.152264517921646,1.33
8.155043067518756,1.23
8.157821617115866,1.065
8.160600166712976,0.95
8.163378716310087,0.9
8.166157265907197,0.8
8.168935815504307,0.495
8.171714365101417,0.005
8.174492914698527,-0.44
8.177271464295638,-0.665
8.180050013892748,-0.66
8.182828563489858,-0.575
8.18560711308697,-0.55
8.18838566268408,-0.58
8.19116421228119,-0.675
8.1939427618783,-0.78
8.196721311475411,-0.89
8.199499861072521,-0.99
8.202278410669631,-1.025
8.205056960266742,-0.97
8.207835509863852,-0.87
8.210614059460962,-0.81
8.213392609058072,-0.795
8.216171158655182,-0.775
8.218949708252293,-0.765
8.221728257849403,-0.76
8.224506807446513,-0.81
8.227285357043623,-0.85
8.230063906640734,-0.89
8.232842456237844,-0.905
8.235621005834954,-0.895
8.238399555432066,-0.85
8.241178105029176,-0.775
8.243956654626286,-0.72
8.246735204223397,-0.68
8.249513753820507,-0.675
8.252292303417617,-0.745
8.255070853014727,-0.875
8.257849402611837,-0.905
8.260627952208948,-0.765
8.263406501806058,-0.475
8.266185051403168,-0.32
8.268963601000278,-0.5
8.271742150597388,-0.885
8.274520700194499,-1.15
8.277299249791609,-1.09
8.28007779938872,-0.875
8.28285634898583,-0.675
8.28563489858294,-0.635
8.28841344818005,-0.67
8.291191997777162,-0.705
8.293970547374272,-0.725
8.296749096971382,-0.835
8.299527646568492,-0.945
8.302306196165603,-0.99
8.305084745762713,-0.975
8.307863295359823,-0.875
8.310641844956933,-0.775
8.313420394554043,-0.745
8.316198944151154,-0.735
8.318977493748264,-0.71
8.321756043345374,-0.665
8.324534592942484,-0.62
8.327313142539595,-0.61
8.330091692136705,-0.58
8.332870241733815,-0.475
8.335648791330925,-0.305
8.338427340928035,-0.215
8.341205890525147,-0.355
8.343984440122258,-0.57
8.346762989719368,-0.695
8.349541539316478,-0.69
8.352320088913588,-0.69
8.355098638510698,-0.715
8.357877188107809,-0.635
8.360655737704919,-0.395
8.363434287302029,-0.23
8.36621283689914,-0.315
8.36899138649625,-0.49
8.37176993609336,-0.575
8.37454848569047,-0.58
8.37732703528758,-0.545
8.38010558488469,-0.535
8.3828841344818,-0.495
8.38566268407891,-0.46
8.388441233676021,-0.465
8.391219783273131,-0.56
8.393998332870243,-0.655
8.396776882467353,-0.685
8.399555432064464,-0.64
8.402333981661574,-0.6
8.405112531258684,-0.6
8.407891080855794,-0.615
8.410669630452904,-0.625
8.413448180050015,-0.625
8.416226729647125,-0.595
8.419005279244235,-0.56
8.421783828841345,-0.53
8.424562378438456,-0.535
8.427340928035566,-0.555
8.430119477632676,-0.54
8.432898027229786,-0.46
8.435676576826896,-0.33
8.438455126424007,-0.285
8.441233676021117,-0.43
8.444012225618227,-0.69
8.446790775215339,-0.905
8.44956932481245,-0.975
8.45234787440956,-0.875
8.45512642400667,-0.735
8.45790497360378,-0.66
8.46068352320089,-0.63
8.463462072798,-0.59
8.46624062239511,-0.5
8.46901917199222,-0.42
8.471797721589331,-0.41
8.474576271186441,-0.52
8.477354820783551,-0.62
8.480133370380662,-0.685
8.482911919977772,-0.625
8.485690469574882,-0.53
8.488469019171992,-0.555
8.491247568769102,-0.665
8.494026118366213,-0.815
8.496804667963325,-0.885
8.499583217560435,-0.895
8.502361767157545,-0.82
8.505140316754655,-0.72
8.507918866351766,-0.665
8.510697415948876,-0.635
8.513475965545986,-0.64
8.516254515143096,-0.63
8.519033064740206,-0.595
8.521811614337317,-0.57
8.524590163934427,-0.565
8.527368713531537,-0.575
8.530147263128647,-0.595
8.532925812725757,-0.6
8.535704362322868,-0.585
8.538482911919978,-0.575
8.541261461517088,-0.57
8.544040011114198,-0.585
8.546818560711309,-0.575
8.54959711030842,-0.555
8.55237565990553,-0.52
8.555154209502641,-0.5
8.557932759099751,-0.49
8.560711308696861,-0.45
8.563489858293972,-0.415
8.566268407891082,-0.435
8.569046957488192,-0.58
8.571825507085302,-0.715
8.574604056682412,-0.765
8.577382606279523,-0.735
8.580161155876633,-0.69
8.582939705473743,-0.69
8.585718255070853,-0.715
8.588496804667964,-0.63
8.591275354265074,-0.53
8.594053903862184,-0.485
8.596832453459294,-0.59
8.599611003056404,-0.78
8.602389552653516,-0.86
8.605168102250627,-0.835
8.607946651847737,-0.75
8.610725201444847,-0.67
8.613503751041957,-0.635
8.616282300639067,-0.63
8.619060850236178,-0.63
8.621839399833288,-0.66
8.624617949430398,-0.675
8.627396499027508,-0.63
8.630175048624618,-0.575
8.632953598221729,-0.575
8.635732147818839,-0.58
8.63851069741595,-0.52
8.64128924701306,-0.41
8.64406779661017,-0.305
8.64684634620728,-0.265
8.64962489580439,-0.26
8.6524034454015,-0.14
8.655181994998612,0.055
8.657960544595722,0.19
8.660739094192833,0.225
8.663517643789943,0.145
8.666296193387053,0.07
8.669074742984163,0.22
8.671853292581273,0.585
8.674631842178384,0.995
8.677410391775494,1.28
8.680188941372604,1.395
8.682967490969714,1.33
8.685746040566825,1.14
8.688524590163935,1.03
8.691303139761045,1.05
8.694081689358155,1.14
8.696860238955265,1.225
8.699638788552376,1.255
8.702417338149486,1.09
8.705195887746598,0.805
8.707974437343708,0.545
8.710752986940818,0.325
8.713531536537928,0.13
8.716310086135039,-0.125
8.719088635732149,-0.35
8.721867185329259,-0.49
8.72464573492637,-0.57
8.72742428452348,-0.625
8.73020283412059,-0.69
8.7329813837177,-0.695
8.73575993331481,-0.665
8.73853848291192,-0.67
8.74131703250903,-0.7
8.74409558210614,-0.79
8.746874131703251,-0.9
8.749652681300361,-0.89
8.752431230897471,-0.745
8.755209780494582,-0.535
8.757988330091694,-0.37
8.760766879688804,-0.28
8.763545429285914,-0.37
8.766323978883024,-0.71
8.769102528480134,-1.065
8.771881078077245,-1.16
8.774659627674355,-1.06
8.777438177271465,-0.885
8.780216726868575,-0.685
8.782995276465686,-0.59
8.785773826062796,-0.635
8.788552375659906,-0.79
8.791330925257016,-0.985
8.794109474854126,-1.125
8.796888024451237,-1.16
8.799666574048347,-1.09
8.802445123645457,-0.95
8.805223673242567,-0.84
8.808002222839677,-0.84
8.81078077243679,-0.89
8.8135593220339,-0.875
8.81633787163101,-0.84
8.81911642122812,-0.795
8.82189497082523,-0.745
8.82467352042234,-0.71
8.82745207001945,-0.68
8.830230619616561,-0.665
8.833009169213671,-0.655
8.835787718810781,-0.655
8.838566268407892,-0.67
8.841344818005002,-0.695
8.844123367602112,-0.685
8.846901917199222,-0.655
8.849680466796332,-0.63
8.852459016393443,-0.62
8.855237565990553,-0.595
8.858016115587663,-0.625
8.860794665184775,-0.675
8.863573214781885,-0.675
8.866351764378996,-0.54
8.869130313976106,-0.35
8.871908863573216,-0.225
8.874687413170326,-0.395
8.877465962767436,-0.85
8.880244512364547,-1.145
8.883023061961657,-1.005
8.885801611558767,-0.685
8.888580161155877,-0.495
8.891358710752987,-0.49
8.894137260350098,-0.52
8.896915809947208,-0.54
8.899694359544318,-0.505
8.902472909141428,-0.46
8.905251458738539,-0.4
8.908030008335649,-0.375
8.910808557932759,-0.385
8.913587107529871,-0.425
8.916365657126981,-0.405
8.919144206724091,-0.375
8.921922756321202,-0.365
8.924701305918312,-0.42
8.927479855515422,-0.45
8.930258405112532,-0.45
8.933036954709642,-0.44
8.935815504306753,-0.435
8.938594053903863,-0.41
8.941372603500973,-0.39
8.944151153098083,-0.39
8.946929702695193,-0.425
8.949708252292304,-0.415
8.952486801889414,-0.325
8.955265351486524,-0.235
8.958043901083634,-0.25
8.960822450680745,-0.335
8.963601000277855,-0.41
8.966379549874967,-0.345
8.969158099472077,-0.205
8.971936649069187,-0.14
8.974715198666297,-0.125
8.977493748263408,-0.12
8.980272297860518,-0.19
8.983050847457628,-0.37
8.985829397054738,-0.485
8.988607946651848,-0.435
8.991386496248959,-0.34
8.994165045846069,-0.305
8.99694359544318,-0.31
8.99972214504029,-0.31
9.0025006946374,-0.25
9.00527924423451,-0.165
9.00805779383162,-0.15
9.01083634342873,-0.17
9.01361489302584,-0.205
9.01639344262295,-0.24
9.019171992220063,-0.36
9.021950541817173,-0.49
9.024729091414283,-0.565
9.027507641011393,-0.515
9.030286190608503,-0.435
9.033064740205614,-0.395
9.035843289802724,-0.425
9.038621839399834,-0.41
9.041400388996944,-0.38
9.044178938594055,-0.345
9.046957488191165,-0.355
9.049736037788275,-0.355
9.052514587385385,-0.315
9.055293136982495,-0.23
9.058071686579606,-0.155
9.060850236176716,-0.17
9.063628785773826,-0.275
9.066407335370936,-0.35
9.069185884968048,-0.395
9.071964434565158,-0.37
9.074742984162269,-0.37
9.077521533759379,-0.46
9.080300083356489,-0.49
9.0830786329536,-0.425
9.08585718255071,-0.365
9.08863573214782,-0.32
9.09141428174493,-0.335
9.09419283134204,-0.35
9.09697138093915,-0.335
9.09974993053626,-0.27
9.10252848013337,-0.235
9.105307029730481,-0.23
9.108085579327591,-0.235
9.110864128924701,-0.265
9.113642678521812,-0.25
9.116421228118922,-0.145
9.119199777716032,-0.035
9.121978327313144,0.05
9.124756876910254,0.035
9.127535426507364,-0.005
9.130313976104475,-0.055
9.133092525701585,-0.115
9.135871075298695,-0.255
9.138649624895805,-0.41
9.141428174492916,-0.525
9.144206724090026,-0.5
9.146985273687136,-0.45
9.149763823284246,-0.385
9.152542372881356,-0.335
9.155320922478467,-0.25
9.158099472075577,-0.185
9.160878021672687,-0.175
9.163656571269797,-0.17
9.166435120866907,-0.165
9.169213670464018,-0.18
9.171992220061128,-0.185
9.17477076965824,-0.195
9.17754931925535,-0.185
9.18032786885246,-0.205
9.18310641844957,-0.205
9.18588496804668,-0.2
9.188663517643791,-0.18
9.191442067240901,-0.21
9.194220616838011,-0.24
9.196999166435122,-0.215
9.199777716032232,-0.17
9.202556265629342,-0.16
9.205334815226452,-0.17
9.208113364823562,-0.14
9.210891914420673,-0.105
9.213670464017783,-0.07
9.216449013614893,-0.015
9.219227563212003,0.075
9.222006112809114,0.2
9.224784662406226,0.345
9.227563212003336,0.385
9.230341761600446,0.415
9.233120311197556,0.49
9.235898860794666,0.665
9.238677410391777,0.91
9.241455959988887,1.175
9.244234509585997,1.45
9.247013059183107,1.575
9.249791608780217,1.575
9.252570158377328,1.545
9.255348707974438,1.595
9.258127257571548,1.715
9.260905807168658,1.765
9.263684356765769,1.69
9.266462906362879,1.64
9.269241455959989,1.595
9.2720200055571,1.52
9.27479855515421,1.375
9.277577104751321,1.15
9.280355654348432,0.865
9.283134203945542,0.61
9.285912753542652,0.43
9.288691303139762,0.33
9.291469852736872,0.22
9.294248402333983,0.02
9.297026951931093,-0.235
9.299805501528203,-0.44
9.302584051125313,-0.445
9.305362600722423,-0.29
9.308141150319534,-0.175
9.310919699916644,-0.215
9.313698249513754,-0.37
9.316476799110864,-0.445
9.319255348707975,-0.45
9.322033898305085,-0.49
9.324812447902195,-0.61
9.327590997499305,-0.705
9.330369547096417,-0.69
9.333148096693527,-0.645
9.335926646290638,-0.595
9.338705195887748,-0.575
9.341483745484858,-0.565
9.344262295081968,-0.56
9.347040844679078,-0.485
9.349819394276189,-0.415
9.352597943873299,-0.385
9.35537649347041,-0.435
9.35815504306752,-0.49
9.36093359266463,-0.45
9.36371214226174,-0.39
9.36649069185885,-0.42
9.36926924145596,-0.505
9.37204779105307,-0.545
9.37482634065018,-0.455
9.37760489024729,-0.395
9.380383439844403,-0.48
9.383161989441513,-0.6
9.385940539038623,-0.58
9.388719088635733,-0.455
9.391497638232844,-0.505
9.394276187829954,-0.665
9.397054737427064,-0.745
9.399833287024174,-0.695
9.402611836621285,-0.575
9.405390386218395,-0.465
9.408168935815505,-0.4
9.410947485412615,-0.39
9.413726035009725,-0.39
9.416504584606836,-0.385
9.419283134203946,-0.34
9.422061683801056,-0.265
9.424840233398166,-0.275
9.427618782995276,-0.365
9.430397332592387,-0.41
9.433175882189499,-0.34
9.435954431786609,-0.23
9.438732981383719,-0.13
9.44151153098083,-0.055
9.44429008057794,-0.035
9.44706863017505,-0.065
9.44984717977216,-0.095
9.45262572936927,-0.085
9.45540427896638,-0.105
9.45818282856349,-0.195
9.4609613781606,-0.23
9.463739927757711,-0.185
9.466518477354821,-0.105
9.469297026951931,-0.04
9.472075576549042,-0.025
9.474854126146152,-0.09
9.477632675743262,-0.17
9.480411225340372,-0.155
9.483189774937482,-0.11
9.485968324534594,-0.11
9.488746874131705,-0.13
9.491525423728815,-0.17
9.494303973325925,-0.175
9.497082522923035,-0.15
9.499861072520146,-0.125
9.502639622117256,-0.1
9.505418171714366,-0.06
9.508196721311476,0.045
9.510975270908586,0.095
9.513753820505697,0.015
9.516532370102807,-0.17
9.519310919699917,-0.275
9.522089469297027,-0.26
9.524868018894137,-0.13
9.527646568491248,0.01
9.530425118088358,-0.01
9.533203667685468,-0.175
9.535982217282578,-0.285
9.53876076687969,-0.295
9.5415393164768,-0.29
9.54431786607391,-0.315
9.547096415671021,-0.325
9.549874965268131,-0.285
9.552653514865241,-0.195
9.555432064462352,-0.13
9.558210614059462,-0.15
9.560989163656572,-0.19
9.563767713253682,-0.195
9.566546262850792,-0.16
9.569324812447903,-0.095
9.572103362045013,0.005
9.574881911642123,0.07
9.577660461239233,0.07
9.580439010836344,-0.03
9.583217560433454,-0.1
9.585996110030564,-0.095
9.588774659627676,0.005
9.591553209224786,0.07
9.594331758821896,0.11
9.597110308419007,0.15
9.599888858016117,0.28
9.602667407613227,0.5
9.605445957210337,0.78
9.608224506807447,1.085
9.611003056404558,1.305
9.613781606001668,1.495
9.616560155598778,1.625
9.619338705195888,1.615
9.622117254792999,1.53
9.624895804390109,1.39
9.627674353987219,1.27
9.63045290358433,1.21
9.63323145318144,1.18
9.63601000277855,1.065
9.63878855237566,0.93
9.641567101972772,0.815
9.644345651569882,0.725
9.647124201166992,0.6
9.649902750764102,0.415
9.652681300361213,0.235
9.655459849958323,0.085
9.658238399555433,-0.065
9.661016949152543,-0.28
9.663795498749653,-0.485
9.666574048346764,-0.515
9.669352597943874,-0.46
9.672131147540984,-0.4
9.674909697138094,-0.395
9.677688246735205,-0.43
9.680466796332315,-0.46
9.683245345929425,-0.475
9.686023895526535,-0.45
9.688802445123645,-0.445
9.691580994720756,-0.495
9.694359544317868,-0.53
9.697138093914978,-0.555
9.699916643512088,-0.555
9.702695193109198,-0.51
9.705473742706308,-0.495
9.708252292303419,-0.45
9.711030841900529,-0.415
9.71380939149764,-0.43
9.71658794109475,-0.495
9.71936649069186,-0.575
9.72214504028897,-0.59
9.72492358988608,-0.555
9.72770213948319,-0.5
9.7304806890803,-0.415
9.73325923867741,-0.32
9.73603778827452,-0.345
9.738816337871631,-0.54
9.741594887468741,-0.765
9.744373437065853,-0.855
9.747151986662963,-0.77
9.749930536260074,-0.635
9.752709085857184,-0.56
9.755487635454294,-0.525
9.758266185051404,-0.495
9.761044734648515,-0.46
9.763823284245625,-0.46
9.766601833842735,-0.44
9.769380383439845,-0.425
9.772158933036955,-0.385
9.774937482634066,-0.37
9.777716032231176,-0.355
9.780494581828286,-0.365
9.783273131425396,-0.335
9.786051681022506,-0.305
9.788830230619617,-0.265
9.791608780216727,-0.26
9.794387329813837,-0.235
9.797165879410949,-0.23
9.79994442900806,-0.205
9.80272297860517,-0.17
9.80550152820228,-0.15
9.80828007779939,-0.125
9.8110586273965,-0.14
9.81383717699361,-0.15
9.81661572659072,-0.105
9.81939427618783,-0.065
9.822172825784941,-0.035
9.824951375382051,-0.03
9.827729924979161,0.0
9.830508474576272,0.01
9.833287024173382,0.01
9.836065573770492,-0.01
9.838844123367602,-0.06
9.841622672964712,-0.115
9.844401222561823,-0.16
9.847179772158933,-0.18
9.849958321756045,-0.165
9.852736871353155,-0.14
9.855515420950265,-0.12
9.858293970547376,-0.165
9.861072520144486,-0.195
9.863851069741596,-0.215
9.866629619338706,-0.185
9.869408168935816,-0.175
9.872186718532927,-0.17
9.874965268130037,-0.15
9.877743817727147,-0.11
9.880522367324257,-0.115
9.883300916921367,-0.19
9.886079466518478,-0.26
9.888858016115588,-0.285
9.891636565712698,-0.285
9.894415115309808,-0.305
9.897193664906919,-0.305
9.89997221450403,-0.27
9.90275076410114,-0.25
9.905529313698251,-0.265
9.908307863295361,-0.26
9.911086412892471,-0.245
9.913864962489582,-0.235
9.916643512086692,-0.235
9.919422061683802,-0.215
9.922200611280912,-0.195
9.924979160878022,-0.205
9.927757710475133,-0.23
9.930536260072243,-0.24
9.933314809669353,-0.225
9.936093359266463,-0.185
9.938871908863574,-0.145
9.941650458460684,-0.135
9.944429008057794,-0.175
9.947207557654904,-0.225
9.949986107252014,-0.23
9.952764656849126,-0.22
9.955543206446237,-0.19
9.958321756043347,-0.175
9.961100305640457,-0.19
9.963878855237567,-0.195
9.966657404834677,-0.18
9.969435954431788,-0.165
9.972214504028898,-0.17
9.974993053626008,-0.17
9.977771603223118,-0.17
9.980550152820229,-0.175
9.983328702417339,-0.195
9.986107252014449,-0.16
9.98888580161156,-0.13
9.99166435120867,-0.105
9.99444290080578,-0.125
9.99722145040289,-0.165
10.0,-0.175
